Workbook

Sheet Avg Factors Summary
A1: Average
B2: Resultant Driver Head a / Vehicle Peak a | C2: Resultant Driver Chest a / Vehicle Peak a | D2: Resultant Passenger Head a / Vehicle Peak a | E2: Resultant Passenger Chest a / Vehicle Peak a | F2: Resultant Passenger Pelvis a / Vehicle Peak a | G2: Driver Head a x / Head a r | H2: Driver Head a y / Head a r | I2: Driver Head a z / Head a r | J2: Driver Chest a x / Chest a r | K2: Driver Chest a y / Chest a r | L2: Driver Chest a z / Chest a r | M2: Passenger Head a x / Head a r | N2: Passenger Head a y / Head a r | O2: Passenger Head a z / Head a r | P2: Passenger Chest a x / Chest a r | Q2: Passenger Chest a y / Chest a r | R2: Passenger Chest a z / Chest a r | S2: Passenger Pelvis a x / Pelvis a r | T2: Passenger Pelvis a y / Pelvis a r | U2: Passenger Pelvis a z / Pelvis a r
A3: Car | B3: =Car!AP256 -> 1.522913 | C3: =Car!AQ256 -> 1.0481131 | D3: =Car!AR256 -> 1.4118231 | E3: =Car!AS256 -> 1.0674032 | F3: =Car!AT256 -> 1.1510267 | G3: =Car!AU256 -> 0.87579676 | H3: =Car!AV256 -> 0.36791619 | I3: =Car!AW256 -> 0.48197528 | ... U3: =Car!BI256 -> 0.68265524
A4: SUV | B4: =SUV!AP243 -> 1.2749581 | C4: =SUV!AQ243 -> 0.97140292 | D4: =SUV!AR243 -> 1.4369602 | E4: =SUV!AS243 -> 1.0788362 | F4: =SUV!AT243 -> 1.1549655 | G4: =SUV!AU243 -> 0.86028175 | H4: =SUV!AV243 -> 0.36013238 | I4: =SUV!AW243 -> 0.50659395 | ... U4: =SUV!BI243 -> 0.62901713
A5: Minivan | B5: =Minivan!AP24 -> 1.832815 | C5: =Minivan!AQ24 -> 1.2670827 | D5: =Minivan!AR24 -> 2.2846727 | E5: =Minivan!AS24 -> 1.2872725 | F5: =Minivan!AT24 -> 1.3889568 | G5: =Minivan!AU24 -> 0.90224266 | H5: =Minivan!AV24 -> 0.31170804 | I5: =Minivan!AW24 -> 0.44727251 | ... U5: =Minivan!BI24 -> 0.68158546
A6: Pickup | B6: =Pickup!AP53 -> 1.455024 | C6: =Pickup!AQ53 -> 0.90730213 | D6: =Pickup!AR53 -> 1.5286719 | E6: =Pickup!AS53 -> 1.0523494 | F6: =Pickup!AT53 -> 1.0474313 | G6: =Pickup!AU53 -> 0.85720855 | H6: =Pickup!AV53 -> 0.34131168 | I6: =Pickup!AW53 -> 0.46004067 | ... U6: =Pickup!BI53 -> 0.54582134
A7: All groups | B7: ='All Data'!AP567 -> 1.4229207 | C7: ='All Data'!AQ567 -> 1.0111403 | D7: ='All Data'!AR567 -> 1.460149 | E7: ='All Data'!AS567 -> 1.077759 | F7: ='All Data'!AT567 -> 1.1474474 | G7: ='All Data'!AU567 -> 0.86853142 | H7: ='All Data'!AV567 -> 0.36015252 | I7: ='All Data'!AW567 -> 0.48921463 | ... U7: ='All Data'!BI567 -> 0.6348691
A9: St dev
A10: Car | B10: =Car!AP257 -> 1.0703246 | C10: =Car!AQ257 -> 0.24290074 | D10: =Car!AR257 -> 0.57749348 | E10: =Car!AS257 -> 0.47594096 | F10: =Car!AT257 -> 0.30057049 | G10: =Car!AU257 -> 0.10104038 | H10: =Car!AV257 -> 0.1774765 | I10: =Car!AW257 -> 0.13690347 | ... U10: =Car!BI257 -> 0.12394925
A11: SUV | B11: =SUV!AP244 -> 0.51840162 | C11: =SUV!AQ244 -> 0.2380649 | D11: =SUV!AR244 -> 0.43634103 | E11: =SUV!AS244 -> 0.35080688 | F11: =SUV!AT244 -> 0.29403288 | G11: =SUV!AU244 -> 0.10334395 | H11: =SUV!AV244 -> 0.16380365 | I11: =SUV!AW244 -> 0.14250088 | ... U11: =SUV!BI244 -> 0.12425068
A12: Minivan | B12: =Minivan!AP25 -> 0.71425005 | C12: =Minivan!AQ25 -> 0.15780878 | D12: =Minivan!AR25 -> 0.77947815 | E12: =Minivan!AS25 -> 0.20791914 | F12: =Minivan!AT25 -> 0.22863624 | G12: =Minivan!AU25 -> 0.077427419 | H12: =Minivan!AV25 -> 0.17797226 | I12: =Minivan!AW25 -> 0.12410303 | ... U12: =Minivan!BI25 -> 0.13482542
A13: Pickup | B13: =Pickup!AP54 -> 0.8127867 | C13: =Pickup!AQ54 -> 0.24633662 | D13: =Pickup!AR54 -> 0.46168328 | E13: =Pickup!AS54 -> 0.2903788 | F13: =Pickup!AT54 -> 0.32919599 | G13: =Pickup!AU54 -> 0.15856084 | H13: =Pickup!AV54 -> 0.18414605 | I13: =Pickup!AW54 -> 0.17413264 | ... U13: =Pickup!BI54 -> 0.11302099
A14: All groups | B14: ='All Data'!AP568 -> 0.85009254 | C14: ='All Data'!AQ568 -> 0.24763373 | D14: ='All Data'!AR568 -> 0.50152754 | E14: ='All Data'!AS568 -> 0.3784323 | F14: ='All Data'!AT568 -> 0.30073976 | G14: ='All Data'!AU568 -> 0.10775458 | H14: ='All Data'!AV568 -> 0.17237026 | I14: ='All Data'!AW568 -> 0.14314064 | ... U14: ='All Data'!BI568 -> 0.12851577

Sheet Plots
A1: Driver ax / ar
A2: Avg
B3: Car | C3: SUV | D3: Minivan | E3: Pickup | F3: All Data
A4: Head | B4: 0.87579676 | C4: 0.86028175 | D4: 0.90224266 | E4: 0.85720855 | F4: 0.86853142
A5: Chest | B5: 0.92905925 | C5: 0.9259493 | D5: 0.93420905 | E5: 0.92048541 | F5: 0.92716752
A7: St dev
B8: Car | C8: SUV | D8: Minivan | E8: Pickup | F8: All Data
A9: Head | B9: 0.10104038 | C9: 0.10334395 | D9: 0.077427419 | E9: 0.15856084 | F9: 0.10775458
A10: Chest | B10: 0.040102279 | C10: 0.046386776 | D10: 0.040184257 | E10: 0.059333404 | F10: 0.044778155
A12: Label
B13: Car | C13: SUV | D13: Minivan | E13: Pickup | F13: All Data
A14: Head | B14: =ROUND(B4,2) & " ± " & ROUND(B9,2) -> 0.88 ± 0.1 | C14: =ROUND(C4,2) & " ± " & ROUND(C9,2) -> 0.86 ± 0.1 | D14: =ROUND(D4,2) & " ± " & ROUND(D9,2) -> 0.9 ± 0.08 | E14: =ROUND(E4,2) & " ± " & ROUND(E9,2) -> 0.86 ± 0.16 | F14: =ROUND(F4,2) & " ± " & ROUND(F9,2) -> 0.87 ± 0.11
A15: Chest | B15: =ROUND(B5,2) & " ± " & ROUND(B10,2) -> 0.93 ± 0.04 | C15: =ROUND(C5,2) & " ± " & ROUND(C10,2) -> 0.93 ± 0.05 | D15: =ROUND(D5,2) & " ± " & ROUND(D10,2) -> 0.93 ± 0.04 | E15: =ROUND(E5,2) & " ± " & ROUND(E10,2) -> 0.92 ± 0.06 | F15: =ROUND(F5,2) & " ± " & ROUND(F10,2) -> 0.93 ± 0.04
A17: Passenger ax / ar
A18: Avg
B19: Car | C19: SUV | D19: Minivan | E19: Pickup | F19: All Data
A20: Head | B20: 0.64190731 | C20: 0.59978978 | D20: 0.67633456 | E20: 0.70123535 | F20: 0.62364231
A21: Chest | B21: 0.7276181 | C21: 0.72914931 | D21: 0.86795056 | E21: 0.73853294 | F21: 0.73299016
A22: Pelvis | B22: 0.76380758 | C22: 0.7886339 | D22: 0.79481182 | E22: 0.85577787 | F22: 0.78979552
A24: St dev
B25: Car | C25: SUV | D25: Minivan | E25: Pickup | F25: All Data
A26: Head | B26: 0.17310878 | C26: 0.15940714 | D26: 0.22532778 | E26: 0.13017866 | F26: 0.16417555
A27: Chest | B27: 0.16572869 | C27: 0.15707355 | D27: 0.08140616 | E27: 0.15679005 | F27: 0.158552
A28: Pelvis | B28: 0.10633726 | C28: 0.084358637 | D28: 0.13487941 | E28: 0.074303545 | F28: 0.093702904
A30: Label
B31: Car | C31: SUV | D31: Minivan | E31: Pickup | F31: All Data
A32: Head | B32: =ROUND(B20,2) & " ± " & ROUND(B26,2) -> 0.64 ± 0.17 | C32: =ROUND(C20,2) & " ± " & ROUND(C26,2) -> 0.6 ± 0.16 | D32: =ROUND(D20,2) & " ± " & ROUND(D26,2) -> 0.68 ± 0.23 | E32: =ROUND(E20,2) & " ± " & ROUND(E26,2) -> 0.7 ± 0.13 | F32: =ROUND(F20,2) & " ± " & ROUND(F26,2) -> 0.62 ± 0.16
A33: Chest | B33: =ROUND(B21,2) & " ± " & ROUND(B27,2) -> 0.73 ± 0.17 | C33: =ROUND(C21,2) & " ± " & ROUND(C27,2) -> 0.73 ± 0.16 | D33: =ROUND(D21,2) & " ± " & ROUND(D27,2) -> 0.87 ± 0.08 | E33: =ROUND(E21,2) & " ± " & ROUND(E27,2) -> 0.74 ± 0.16 | F33: =ROUND(F21,2) & " ± " & ROUND(F27,2) -> 0.73 ± 0.16
A34: Pelvis | B34: =ROUND(B22,2) & " ± " & ROUND(B28,2) -> 0.76 ± 0.11 | C34: =ROUND(C22,2) & " ± " & ROUND(C28,2) -> 0.79 ± 0.08 | D34: =ROUND(D22,2) & " ± " & ROUND(D28,2) -> 0.79 ± 0.13 | E34: =ROUND(E22,2) & " ± " & ROUND(E28,2) -> 0.86 ± 0.07 | F34: =ROUND(F22,2) & " ± " & ROUND(F28,2) -> 0.79 ± 0.09
A36: Driver ay / ar
A37: Avg
B38: Car | C38: SUV | D38: Minivan | E38: Pickup | F38: All Data
A39: Head | B39: 0.36791619 | C39: 0.36013238 | D39: 0.31170804 | E39: 0.34131168 | F39: 0.36015252
A40: Chest | B40: 0.36650963 | C40: 0.35050717 | D40: 0.34278339 | E40: 0.35918125 | F40: 0.35816697
A42: St dev
B43: Car | C43: SUV | D43: Minivan | E43: Pickup | F43: All Data
A44: Head | B44: 0.1774765 | C44: 0.16380365 | D44: 0.17797226 | E44: 0.18414605 | F44: 0.17237026
A45: Chest | B45: 0.088102649 | C45: 0.091147662 | D45: 0.079350454 | E45: 0.10566107 | F45: 0.090893734
A47: Label
B48: Car | C48: SUV | D48: Minivan | E48: Pickup | F48: All Data
A49: Head | B49: =ROUND(B39,2) & " ± " & ROUND(B44,2) -> 0.37 ± 0.18 | C49: =ROUND(C39,2) & " ± " & ROUND(C44,2) -> 0.36 ± 0.16 | D49: =ROUND(D39,2) & " ± " & ROUND(D44,2) -> 0.31 ± 0.18 | E49: =ROUND(E39,2) & " ± " & ROUND(E44,2) -> 0.34 ± 0.18 | F49: =ROUND(F39,2) & " ± " & ROUND(F44,2) -> 0.36 ± 0.17
A50: Chest | B50: =ROUND(B40,2) & " ± " & ROUND(B45,2) -> 0.37 ± 0.09 | C50: =ROUND(C40,2) & " ± " & ROUND(C45,2) -> 0.35 ± 0.09 | D50: =ROUND(D40,2) & " ± " & ROUND(D45,2) -> 0.34 ± 0.08 | E50: =ROUND(E40,2) & " ± " & ROUND(E45,2) -> 0.36 ± 0.11 | F50: =ROUND(F40,2) & " ± " & ROUND(F45,2) -> 0.36 ± 0.09
A52: Passenger ay / ar
A53: Avg
B54: Car | C54: SUV | D54: Minivan | E54: Pickup | F54: All Data
A55: Head | B55: 0.26732963 | C55: 0.23980412 | D55: 0.17276362 | E55: 0.26803268 | F55: 0.24848482
A56: Chest | B56: 0.58153379 | C56: 0.56734117 | D56: 0.45732297 | E56: 0.62687498 | F56: 0.57505318
A57: Pelvis | B57: 0.41938026 | C57: 0.409805 | D57: 0.32362389 | E57: 0.42690633 | F57: 0.41218169
A59: St dev
B60: Car | C60: SUV | D60: Minivan | E60: Pickup | F60: All Data
A61: Head | B61: 0.10205047 | C61: 0.10431763 | D61: 0.079154374 | E61: 0.095913507 | F61: 0.10324978
A62: Chest | B62: 0.13279699 | C62: 0.15739636 | D62: 0.15042705 | E62: 0.17340932 | F62: 0.15428102
A63: Pelvis | B63: 0.095356187 | C63: 0.087715883 | D63: 0.071731286 | E63: 0.09390665 | F63: 0.090765715
A65: Label
B66: Car | C66: SUV | D66: Minivan | E66: Pickup | F66: All Data
A67: Head | B67: =ROUND(B55,2) & " ± " & ROUND(B61,2) -> 0.27 ± 0.1 | C67: =ROUND(C55,2) & " ± " & ROUND(C61,2) -> 0.24 ± 0.1 | D67: =ROUND(D55,2) & " ± " & ROUND(D61,2) -> 0.17 ± 0.08 | E67: =ROUND(E55,2) & " ± " & ROUND(E61,2) -> 0.27 ± 0.1 | F67: =ROUND(F55,2) & " ± " & ROUND(F61,2) -> 0.25 ± 0.1
A68: Chest | B68: =ROUND(B56,2) & " ± " & ROUND(B62,2) -> 0.58 ± 0.13 | C68: =ROUND(C56,2) & " ± " & ROUND(C62,2) -> 0.57 ± 0.16 | D68: =ROUND(D56,2) & " ± " & ROUND(D62,2) -> 0.46 ± 0.15 | E68: =ROUND(E56,2) & " ± " & ROUND(E62,2) -> 0.63 ± 0.17 | F68: =ROUND(F56,2) & " ± " & ROUND(F62,2) -> 0.58 ± 0.15
A69: Pelvis | B69: =ROUND(B57,2) & " ± " & ROUND(B63,2) -> 0.42 ± 0.1 | C69: =ROUND(C57,2) & " ± " & ROUND(C63,2) -> 0.41 ± 0.09 | D69: =ROUND(D57,2) & " ± " & ROUND(D63,2) -> 0.32 ± 0.07 | E69: =ROUND(E57,2) & " ± " & ROUND(E63,2) -> 0.43 ± 0.09 | F69: =ROUND(F57,2) & " ± " & ROUND(F63,2) -> 0.41 ± 0.09
A71: Driver az / ar
A72: Avg
B73: Car | C73: SUV | D73: Minivan | E73: Pickup | F73: All Data
A74: Head | B74: 0.48197528 | C74: 0.50659395 | D74: 0.44727251 | E74: 0.46004067 | F74: 0.48921463
A75: Chest | B75: 0.30933603 | C75: 0.32662569 | D75: 0.30413397 | E75: 0.36902471 | F75: 0.32181331
A77: St dev
B78: Car | C78: SUV | D78: Minivan | E78: Pickup | F78: All Data
A79: Head | B79: 0.13690347 | C79: 0.14250088 | D79: 0.12410303 | E79: 0.17413264 | F79: 0.14314064
A80: Chest | B80: 0.11307644 | C80: 0.11994233 | D80: 0.13391386 | E80: 0.11344019 | F80: 0.11780671
A82: Label
B83: Car | C83: SUV | D83: Minivan | E83: Pickup | F83: All Data
A84: Head | B84: =ROUND(B74,2) & " ± " & ROUND(B79,2) -> 0.48 ± 0.14 | C84: =ROUND(C74,2) & " ± " & ROUND(C79,2) -> 0.51 ± 0.14 | D84: =ROUND(D74,2) & " ± " & ROUND(D79,2) -> 0.45 ± 0.12 | E84: =ROUND(E74,2) & " ± " & ROUND(E79,2) -> 0.46 ± 0.17 | F84: =ROUND(F74,2) & " ± " & ROUND(F79,2) -> 0.49 ± 0.14
A85: Chest | B85: =ROUND(B75,2) & " ± " & ROUND(B80,2) -> 0.31 ± 0.11 | C85: =ROUND(C75,2) & " ± " & ROUND(C80,2) -> 0.33 ± 0.12 | D85: =ROUND(D75,2) & " ± " & ROUND(D80,2) -> 0.3 ± 0.13 | E85: =ROUND(E75,2) & " ± " & ROUND(E80,2) -> 0.37 ± 0.11 | F85: =ROUND(F75,2) & " ± " & ROUND(F80,2) -> 0.32 ± 0.12
A87: Passenger az / ar
A88: Avg
B89: Car | C89: SUV | D89: Minivan | E89: Pickup | F89: All Data
A90: Head | B90: 0.84839458 | C90: 0.89297453 | D90: 0.84717854 | E90: 0.80779969 | F90: 0.87099456
A91: Chest | B91: 0.56445524 | C91: 0.51753214 | D91: 0.38706003 | E91: 0.43643534 | F91: 0.51766582
A92: Pelvis | B92: 0.68265524 | C92: 0.62901713 | D92: 0.68158546 | E92: 0.54582134 | F92: 0.6348691
A94: St dev
B95: Car | C95: SUV | D95: Minivan | E95: Pickup | F95: All Data
A96: Head | B96: 0.12189001 | C96: 0.061091261 | D96: 0.068730514 | E96: 0.10631755 | F96: 0.090676109
A97: Chest | B97: 0.18575331 | C97: 0.23670982 | D97: 0.14005795 | E97: 0.21938366 | F97: 0.22349864
A98: Pelvis | B98: 0.12394925 | C98: 0.12425068 | D98: 0.13482542 | E98: 0.11302099 | F98: 0.12851577
A100: Label
B101: Car | C101: SUV | D101: Minivan | E101: Pickup | F101: All Data
A102: Head | B102: =ROUND(B90,2) & " ± " & ROUND(B96,2) -> 0.85 ± 0.12 | C102: =ROUND(C90,2) & " ± " & ROUND(C96,2) -> 0.89 ± 0.06 | D102: =ROUND(D90,2) & " ± " & ROUND(D96,2) -> 0.85 ± 0.07 | E102: =ROUND(E90,2) & " ± " & ROUND(E96,2) -> 0.81 ± 0.11 | F102: =ROUND(F90,2) & " ± " & ROUND(F96,2) -> 0.87 ± 0.09
A103: Chest | B103: =ROUND(B91,2) & " ± " & ROUND(B97,2) -> 0.56 ± 0.19 | C103: =ROUND(C91,2) & " ± " & ROUND(C97,2) -> 0.52 ± 0.24 | D103: =ROUND(D91,2) & " ± " & ROUND(D97,2) -> 0.39 ± 0.14 | E103: =ROUND(E91,2) & " ± " & ROUND(E97,2) -> 0.44 ± 0.22 | F103: =ROUND(F91,2) & " ± " & ROUND(F97,2) -> 0.52 ± 0.22
A104: Pelvis | B104: =ROUND(B92,2) & " ± " & ROUND(B98,2) -> 0.68 ± 0.12 | C104: =ROUND(C92,2) & " ± " & ROUND(C98,2) -> 0.63 ± 0.12 | D104: =ROUND(D92,2) & " ± " & ROUND(D98,2) -> 0.68 ± 0.13 | E104: =ROUND(E92,2) & " ± " & ROUND(E98,2) -> 0.55 ± 0.11 | F104: =ROUND(F92,2) & " ± " & ROUND(F98,2) -> 0.63 ± 0.13
A106: Driver Head vs Chest
A107: Avg
B108: Head | C108: Chest
A109: X : Resultant | B109: 0.86853142 | C109: 0.92716752
A110: Y : Resultant | B110: 0.36015252 | C110: 0.35816697
A111: Z : Resultant | B111: 0.48921463 | C111: 0.32181331
A113: St Dev
B114: Head | C114: Chest
A115: X / Resultant | B115: 0.10775458 | C115: 0.044778155
A116: Y / Resultant | B116: 0.17237026 | C116: 0.090893734
A117: Z / Resultant | B117: 0.14314064 | C117: 0.11780671
A119: Label
B120: Head | C120: Chest
...

Sheet Car
A1: Test ID | B1: Vehicle Info | C1: Vehicle Type | D1: ATD | E1: Vehicle Test Weight (kg) | F1: Vehicle dV (kph) | G1: Vehicle Peak a (g) | H1: Vehicle Peak F (N) | I1: Driver Head Peak a - x (g) | J1: Driver Head Peak a - y (g) | K1: Driver Head Peak a - z (g) | L1: Driver Head Peak a - R (g) | M1: Driver Chest Peak a - x (g) | N1: Driver Chest Peak a - y (g) | O1: Driver Chest Peak a - z (g) | P1: Driver Chest Peak a - R (g) | Q1: Driver Upper Neck Peak F - x (N) | R1: Driver Upper Neck Peak F - z Compression (N) | S1: Driver Upper Neck Peak F - z Tension (N) | T1: Driver Upper Neck Peak F - R (N) | U1: Passenger Head Peak a - x (g) | V1: Passenger Head Peak a - y (g) | W1: Passenger Head Peak a - z (g) | X1: Passenger Head Peak a - R (g) | Y1: Passenger Chest Peak a - x (g) | Z1: Passenger Chest Peak a - y (g) | AA1: Passenger Chest Peak a - z (g) | AB1: Passenger Chest Peak a - R (g) | AC1: Passenger Pelvis Peak a - x (g) | AD1: Passenger Pelvis Peak a - y (g) | AE1: Passenger Pelvis Peak a - z (g) | AF1: Passenger Pelvis Peak a - R (g) | AG1: Passenger Upper Neck Peak F - x (N) | AH1: Passenger Upper Neck Peak F - z Compression (N) | AI1: Passenger Upper Neck Peak F - z Tension (N) | AJ1: Passenger Upper Neck Peak F - R (N) | AK1: Passenger Lumbar Peak F - x (N) | AL1: Passenger Lumbar Peak F - z Compression (N) | AM1: Passenger Lumbar Peak F - z Tension (N) | AN1: Passenger Lumbar Peak F - R (N) | AP1: Resultant Driver Head a / Vehicle Peak a | AQ1: Resultant Driver Chest a / Vehicle Peak a | AR1: Resultant Passenger Head a / Vehicle Peak a | AS1: Resultant Passenger Chest a / Vehicle Peak a | AT1: Resultant Passenger Pelvis a / Vehicle Peak a | AU1: Driver Head a x / Head a r | AV1: Driver Head a y / Head a r | AW1: Driver Head a z / Head a r | AX1: Driver Chest a x / Chest a r | AY1: Driver Chest a y / Chest a r | AZ1: Driver Chest a z / Chest a r | BA1: Passenger Head a x / Head a r | BB1: Passenger Head a y / Head a r | BC1: Passenger Head a z / Head a r | BD1: Passenger Chest a x / Chest a r | BE1: Passenger Chest a y / Chest a r | BF1: Passenger Chest a z / Chest a r | BG1: Passenger Pelvis a x / Pelvis a r | BH1: Passenger Pelvis a y / Pelvis a r | BI1: Passenger Pelvis a z / Pelvis a r
A2: CEF0101 | B2: 2001 Lexus LS430 | C2: car (sedan) | D2: Hybrid III | E2: 1966 | F2: 75.7274 | G2: 55.5466 | H2: 109204.62 | I2: 39.2122 | J2: 17.7606 | K2: 25.6314 | L2: 44.5982 | M2: 42.7945 | N2: 15.8114 | O2: 28.8016 | P2: 44.7258 | Q2: 712.6574 | R2: 922.4075 | S2: 957.2598 | T2: 1002.1866 | AP2: 0.80289703 | AQ2: 0.8051942 | AU2: 0.87923279 | AV2: 0.3982358 | AW2: 0.57471826 | AX2: 0.95681911 | AY2: 0.35351855 | AZ2: 0.64395941
A3: CEF0103 | B3: 2001 Hyundai Elantra | C3: car (sedan) | D3: Hybrid III | E3: 1416 | F3: 68.8746 | G3: 41.3345 | H3: 58529.652 | I3: 91.3761 | J3: 13.7947 | K3: 51.0217 | L3: 99.9954 | M3: 51.994 | N3: 19.4996 | O3: 15.1982 | P3: 54.976 | Q3: 741.7878 | R3: 92.9685 | S3: 3354.849 | T3: 3400.5218 | AP3: 2.4191753 | AQ3: 1.330027 | AU3: 0.91380303 | AV3: 0.13795335 | AW3: 0.51024047 | AX3: 0.94575815 | AY3: 0.35469296 | AZ3: 0.27645154
A4: CEF0112 | B4: 2001 Hyundai Elantra | C4: car (sedan) | D4: Hybrid III | E4: 1415 | F4: 69.0223 | G4: 39.0666 | H4: 55279.239 | I4: 168.021 | J4: 27.6535 | K4: 44.8082 | L4: 173.8742 | M4: 49.6512 | N4: 17.2713 | O4: 17.0028 | P4: 52.2493 | Q4: 1659.776 | R4: 988.6149 | S4: 3191.9897 | T4: 3597.7291 | AP4: 4.4507124 | AQ4: 1.3374417 | AU4: 0.96633658 | AV4: 0.15904315 | AW4: 0.25770471 | AX4: 0.95027493 | AY4: 0.33055562 | AZ4: 0.3254168
A5: CEF0123 | B5: 2002 Mitsubishi Lancer | C5: car (sedan) | D5: Hybrid III | E5: 1370 | F5: 64.367241 | G5: 42.128527 | H5: 57716.082 | I5: 58.319689 | J5: 16.252885 | K5: 21.794421 | L5: 62.74418 | M5: 45.946365 | N5: 15.075847 | O5: 18.030319 | P5: 49.233038 | Q5: 735.46542 | R5: 366.98285 | S5: 2604.7835 | T5: 2672.2277 | AP5: 1.4893514 | AQ5: 1.168639 | AU5: 0.92948364 | AV5: 0.25903414 | AW5: 0.34735367 | AX5: 0.93324253 | AY5: 0.30621403 | AZ5: 0.36622398
A6: CEF0124 | B6: 2002 Volvo S40 | C6: car (sedan) | D6: Hybrid III | E6: 1460 | F6: 63.888387 | G6: 93.418446 | H6: 136390.93 | I6: 54.314808 | J6: 19.024229 | K6: 19.353985 | L6: 56.201106 | M6: 41.988201 | N6: 23.557304 | O6: 18.102251 | P6: 43.517394 | Q6: 441.3277 | R6: 35.665975 | S6: 2227.0083 | T6: 2228.6901 | AP6: 0.60160609 | AQ6: 0.46583299 | AU6: 0.96643664 | AV6: 0.33850275 | AW6: 0.34437018 | AX6: 0.96486019 | AY6: 0.54133076 | AZ6: 0.41597737
A7: CEF0126 | B7: 2002 Subaru Impreza | C7: car (sedan) | D7: Hybrid III | E7: 1474 | F7: 69.694766 | G7: 55.772489 | H7: 82208.649 | I7: 36.902098 | J7: 17.044696 | K7: 19.563598 | L7: 39.51867 | M7: 34.003306 | N7: 21.960337 | O7: 16.8048 | P7: 40.103577 | Q7: 353.82497 | R7: 120.70808 | S7: 1330.1745 | T7: 1341.136 | AP7: 0.70856924 | AQ7: 0.71905661 | AU7: 0.93378897 | AV7: 0.43130743 | AW7: 0.49504697 | AX7: 0.84788711 | AY7: 0.54759048 | AZ7: 0.41903494
A8: CEF0129 | B8: 2002 Lexus IS 300 | C8: car (sedan) | D8: Hybrid III | E8: 1644 | F8: 69.0002 | G8: 39.735256 | H8: 65324.761 | I8: 52.025121 | J8: 21.291087 | K8: 17.759541 | L8: 56.218528 | M8: 44.398736 | N8: 17.351341 | O8: 12.730338 | P8: 48.125674 | Q8: 614.49906 | R8: 223.66899 | S8: 1264.5672 | T8: 1340.3267 | AP8: 1.4148274 | AQ8: 1.211158 | AU8: 0.92540881 | AV8: 0.37872011 | AW8: 0.31590192 | AX8: 0.92255822 | AY8: 0.3605423 | AZ8: 0.2645228
A9: CEF0202 | B9: 2002 Toyota Camry | C9: car (sedan) | D9: Hybrid III | E9: 1586 | F9: 69.943709 | G9: 38.64979 | H9: 61298.567 | I9: 61.977768 | J9: 12.977299 | K9: 24.651796 | L9: 66.028035 | M9: 43.165027 | N9: 15.020104 | O9: 11.934235 | P9: 45.20556 | Q9: 423.55979 | R9: 1569.0361 | S9: 1848.8098 | T9: 1855.6603 | AP9: 1.7083672 | AQ9: 1.1696198 | AU9: 0.93865837 | AV9: 0.19654226 | AW9: 0.37335347 | AX9: 0.95486102 | AY9: 0.33226231 | AZ9: 0.26399927
A10: CEF0203 | B10: 2002 Nissan Altima | C10: car (sedan) | D10: Hybrid III | E10: 1538 | F10: 69.972559 | G10: 77.176966 | H10: 118698.17 | I10: 79.981238 | J10: 21.250065 | K10: 35.553389 | L10: 87.008299 | M10: 46.87035 | N10: 18.127036 | O10: 9.682163 | P10: 47.282227 | Q10: 565.38275 | R10: 2514.1205 | S10: 297.40767 | T10: 2530.6132 | AP10: 1.1273869 | AQ10: 0.61264687 | AU10: 0.91923689 | AV10: 0.24423032 | AW10: 0.40862067 | AX10: 0.99128897 | AY10: 0.38337949 | AZ10: 0.20477384
A11: CEF0204 | B11: 2002 Volvo S60 | C11: car (sedan) | D11: Hybrid III | E11: 1657 | F11: 70.672808 | G11: 53.670744 | H11: 88932.423 | I11: 43.694954 | J11: 14.026657 | K11: 19.815414 | L11: 48.109663 | M11: 42.909305 | N11: 14.670116 | O11: 14.491102 | P11: 45.315784 | Q11: 704.45899 | R11: 1271.7795 | S11: 73.064671 | T11: 1287.3003 | AP11: 0.89638524 | AQ11: 0.84432934 | AU11: 0.90823654 | AV11: 0.29155592 | AW11: 0.41188012 | AX11: 0.94689535 | AY11: 0.32373082 | AZ11: 0.31978045
A12: CEF0205 | B12: 2002 Hyundai XG 350 | C12: car (sedan) | D12: Hybrid III | E12: 1800 | F12: 67.394909 | G12: 38.079226 | H12: 68542.607 | I12: 50.394795 | J12: 16.137115 | K12: 24.136382 | L12: 55.331405 | M12: 48.371238 | N12: 18.965467 | O12: 7.910358 | P12: 51.552919 | Q12: 302.13657 | R12: 218.73953 | S12: 1518.3483 | T12: 1524.8385 | AP12: 1.4530601 | AQ12: 1.3538332 | AU12: 0.91078105 | AV12: 0.29164477 | AW12: 0.43621488 | AX12: 0.9382832 | AY12: 0.36788348 | AZ12: 0.15344152
A13: CEF0206 | B13: 2002 Acura TL | C13: car (sedan) | D13: Hybrid III | E13: 1690 | F13: 73.151397 | G13: 39.848762 | H13: 67344.408 | I13: 44.512658 | J13: 14.109515 | K13: 14.744401 | L13: 45.199557 | M13: 43.041033 | N13: 17.480389 | O13: 14.681293 | P13: 46.550034 | Q13: 322.62563 | R13: 1011.0912 | S13: 14.177753 | T13: 1011.1038 | AP13: 1.1342776 | AQ13: 1.1681676 | AU13: 0.98480297 | AV13: 0.31216047 | AW13: 0.32620676 | AX13: 0.92461872 | AY13: 0.37551829 | AZ13: 0.31538737
... A19: CEF0216 | B19: 2002 Audi A4 | C19: car (sedan) | D19: Hybrid III | E19: 1734 | F19: 70.64687 | G19: 39.935663 | H19: 69248.44 | I19: 34.847679 | J19: 31.550149 | K19: 19.943321 | L19: 40.544132 | M19: 41.207631 | N19: 18.875695 | O19: 9.491762 | P19: 45.230196 | Q19: 683.70213 | R19: 2241.7513 | S19: 998.44632 | T19: 2246.3166 | AP19: 1.0152362 | AQ19: 1.1325766 | AU19: 0.85949994 | AV19: 0.77816807 | AW19: 0.49189167 | AX19: 0.91106461 | AY19: 0.41732508 | AZ19: 0.20985454
A20: CEF0217 | B20: 2002 Suzuki Aerio | C20: car (sedan) | D20: Hybrid III | E20: 1330 | F20: 68.503431 | G20: 44.454549 | I20: 40.469712 | J20: 16.061263 | K20: 25.168837 | L20: 44.724475 | M20: 38.470739 | N20: 21.327196 | O20: 14.408384 | P20: 44.137829 | Q20: 561.49722 | R20: 2462.271 | S20: 1332.1547 | T20: 2519.9219 | AP20: 1.006072 | AQ20: 0.99287542 | AU20: 0.90486723 | AV20: 0.35911574 | AW20: 0.5627531 | AX20: 0.8716047 | AY20: 0.4831954 | AZ20: 0.3264407
A21: CEF0218 | B21: 2003 Toyota Corolla | C21: car (sedan) | D21: Hybrid III | E21: 1297 | F21: 67.587586 | G21: 52.001718 | H21: 67446.228 | I21: 41.237722 | J21: 12.868797 | K21: 25.581866 | L21: 42.153904 | M21: 51.233964 | N21: 15.985535 | O21: 18.511783 | P21: 52.247191 | Q21: 642.24842 | R21: 1436.5534 | S21: 438.96203 | T21: 1440.5295 | AP21: 0.81062522 | AQ21: 1.0047205 | AU21: 0.97826579 | AV21: 0.30528126 | AW21: 0.60686825 | AX21: 0.98060705 | AY21: 0.3059597 | AZ21: 0.35431155
A22: CEF0220 | B22: 2003 Honda Accord | C22: car (sedan) | D22: Hybrid III | E22: 1568 | F22: 70.42146 | G22: 36.797459 | H22: 57698.416 | I22: 56.857057 | J22: 12.08463 | K22: 17.185072 | L22: 57.040622 | M22: 40.089518 | N22: 12.863672 | O22: 9.287226 | P22: 41.299821 | Q22: 372.46072 | R22: 217.40879 | S22: 1669.9479 | T22: 1670.6751 | AP22: 1.5501239 | AQ22: 1.1223552 | AU22: 0.99678185 | AV22: 0.21186007 | AW22: 0.30127778 | AX22: 0.97069472 | AY22: 0.31147041 | AZ22: 0.22487327
A23: CEF0221 | B23: 2003 Cadillac CTS | C23: car (sedan) | D23: Hybrid III | E23: 1720 | F23: 75.664417 | G23: 49.829411 | H23: 85706.587 | I23: 48.177431 | J23: 12.185075 | K23: 21.481632 | L23: 49.60092 | M23: 56.772934 | N23: 16.778325 | O23: 14.155618 | P23: 58.599609 | Q23: 1254.7149 | R23: 2159.4414 | S23: 1210.8499 | T23: 2193.7724 | AP23: 0.99541454 | AQ23: 1.1760044 | AU23: 0.97130116 | AV23: 0.24566228 | AW23: 0.43308939 | AX23: 0.96882786 | AY23: 0.28632145 | AZ23: 0.24156506
A24: CEF0222 | B24: 2002 Mini Cooper | C24: car (hatchback) | D24: Hybrid III | E24: 1248 | F24: 66.860295 | G24: 50.285342 | H24: 62756.107 | I24: 41.540527 | J24: 27.693617 | K24: 25.849937 | L24: 47.584402 | M24: 44.072537 | N24: 18.252671 | O24: 16.438747 | P24: 48.291641 | Q24: 627.44654 | R24: 450.36777 | S24: 1657.2559 | T24: 1771.6235 | AP24: 0.94628773 | AQ24: 0.96035224 | AU24: 0.87298622 | AV24: 0.58198939 | AW24: 0.54324392 | AX24: 0.91263283 | AY24: 0.3779675 | AZ24: 0.34040564
A25: CEF0223 | B25: 2003 Toyota Corolla | C25: car (sedan) | D25: Hybrid III | E25: 1279 | F25: 71.024286 | G25: 40.290927 | H25: 51532.096 | I25: 43.443924 | J25: 17.147789 | K25: 24.786313 | L25: 46.255137 | M25: 44.12001 | N25: 15.624784 | O25: 10.850312 | P25: 46.048186 | Q25: 423.54782 | R25: 540.78845 | S25: 1272.3927 | T25: 1272.4057 | AP25: 1.1480286 | AQ25: 1.1428922 | AU25: 0.93922377 | AV25: 0.37072183 | AW25: 0.53586076 | AX25: 0.95812699 | AY25: 0.33931378 | AZ25: 0.23562952
A26: CEF0224 | B26: 2002 Acura RL | C26: car (sedan) | D26: Hybrid III | E26: 1849 | F26: 76.559346 | G26: 53.046541 | H26: 98083.054 | I26: 132.1401 | J26: 15.474986 | K26: 30.920573 | L26: 135.62388 | M26: 43.092936 | N26: 22.893444 | O26: 6.653842 | P26: 48.025039 | Q26: 574.68825 | R26: 14.092062 | S26: 1799.3947 | T26: 1803.0976 | AP26: 2.556696 | AQ26: 0.90533781 | AU26: 0.97431293 | AV26: 0.11410222 | AW26: 0.22798767 | AX26: 0.89730143 | AY26: 0.47669808 | AZ26: 0.13854943
A27: CEF0301 | B27: 2003 Lincoln Town Car | C27: car (sedan) | D27: Hybrid III | E27: 2074 | F27: 70.431141 | G27: 49.789961 | H27: 103264.38 | I27: 171.73192 | J27: 57.514998 | K27: 52.875328 | L27: 180.29387 | M27: 42.505638 | N27: 8.038161 | O27: 14.590057 | P27: 43.157347 | Q27: 1000.8133 | R27: 366.01572 | S27: 1361.4045 | T27: 1421.0425 | AP27: 3.6210888 | AQ27: 0.86678813 | AU27: 0.95251113 | AV27: 0.31900695 | AW27: 0.29327302 | AX27: 0.98489923 | AY27: 0.18625244 | AZ27: 0.33806659
A28: CEF0302 | B28: 2003 Infiniti Q45 | C28: car (sedan) | D28: Hybrid III | E28: 1914 | F28: 73.960032 | G28: 61.545643 | H28: 117798.36 | I28: 44.676578 | J28: 16.186173 | K28: 18.786593 | L28: 46.466085 | M28: 42.652141 | N28: 15.933148 | O28: 19.449876 | P28: 47.437705 | Q28: 535.15771 | R28: 190.23956 | S28: 969.2896 | T28: 1106.7621 | AP28: 0.75498578 | AQ28: 0.77077276 | AU28: 0.96148789 | AV28: 0.34834381 | AW28: 0.40430764 | AX28: 0.89911898 | AY28: 0.33587519 | AZ28: 0.41000879
A29: CEF0306 | B29: 2003 Saab 9-3 | C29: car (sedan) | D29: Hybrid III | E29: 1614 | F29: 70.786012 | G29: 34.165664 | H29: 55143.382 | I29: 30.164257 | J29: 22.877654 | K29: 26.467734 | L29: 44.321419 | M29: 42.921175 | N29: 17.474669 | O29: 12.811061 | P29: 46.095647 | Q29: 491.67858 | R29: 507.28276 | S29: 1134.0579 | T29: 1140.2121 | AP29: 1.2972503 | AQ29: 1.3491805 | AU29: 0.68057968 | AV29: 0.51617603 | AW29: 0.59717704 | AX29: 0.93113293 | AY29: 0.37909586 | AZ29: 0.27792344
A30: CEF0307 | B30: 2003 Infiniti G35 | C30: car (sedan) | D30: Hybrid III | E30: 1678 | F30: 72.023581 | G30: 51.394908 | H30: 86240.656 | I30: 78.765666 | J30: 19.165172 | K30: 18.11321 | L30: 80.239032 | M30: 51.716632 | N30: 20.272632 | O30: 17.537711 | P30: 54.715468 | Q30: 1418.1974 | R30: 265.87331 | S30: 1323.3272 | T30: 1639.1766 | AP30: 1.5612253 | AQ30: 1.0646087 | AU30: 0.98163779 | AV30: 0.23885099 | AW30: 0.22574063 | AX30: 0.94519217 | AY30: 0.37051007 | AZ30: 0.32052565
A31: CEF0308 | B31: 2003 Mercedes-Benz E 500 | C31: car (sedan) | D31: Hybrid III | E31: 1902 | F31: 70.907536 | G31: 62.269197 | H31: 118436.01 | I31: 46.673404 | J31: 17.473669 | K31: 30.62472 | L31: 50.545443 | M31: 58.367846 | N31: 17.366787 | O31: 11.813892 | P31: 58.915816 | Q31: 763.35543 | R31: 78.088595 | S31: 1434.7634 | T31: 1494.7425 | AP31: 0.81172466 | AQ31: 0.94614703 | AU31: 0.92339489 | AV31: 0.34570216 | AW31: 0.60588489 | AX31: 0.9906991 | AY31: 0.29477292 | AZ31: 0.20052157
A32: CEF0311 | B32: 2003 Mazda6 | C32: car (sedan) | D32: Hybrid III | E32: 1520 | F32: 71.403273 | G32: 38.363688 | H32: 58312.806 | I32: 56.508466 | J32: 49.539116 | K32: 30.464263 | L32: 78.965936 | M32: 39.276573 | N32: 15.021752 | O32: 9.372021 | P32: 42.016236 | Q32: 302.57135 | R32: 1151.5656 | S32: 988.95773 | T32: 1152.5318 | AP32: 2.058351 | AQ32: 1.0952085 | AU32: 0.7156056 | AV32: 0.62734792 | AW32: 0.38578993 | AX32: 0.93479513 | AY32: 0.35752255 | AZ32: 0.22305713
... A136: CEF1201 (Driver) | B136: 2012 Kia Rio | C136: car (hatchback) | D136: Hybrid III | E136: 1321 | F136: 68.425318 | G136: 51.191053 | H136: 67623.381 | I136: 41.273511 | J136: 13.144962 | K136: 34.285122 | L136: 52.43021 | M136: 37.520608 | N136: 12.69459 | O136: 16.632852 | P136: 41.343339 | Q136: 556.90533 | R136: 1103.3223 | S136: 1692.8266 | T136: 1773.0511 | AP136: 1.0242065 | AQ136: 0.80762822 | AU136: 0.78720857 | AV136: 0.2507135 | AW136: 0.65391923 | AX136: 0.90753696 | AY136: 0.30705284 | AZ136: 0.40231032
A137: CEF1203 (Driver) | B137: 2012 Scion iQ | C137: car (hatchback) | D137: Hybrid III | E137: 1101 | F137: 63.100076 | G137: 61.362727 | I137: 51.406465 | J137: 21.920153 | K137: 31.492866 | L137: 62.483982 | M137: 33.404458 | N137: 31.221878 | O137: 16.096496 | P137: 39.253927 | Q137: 768.23939 | R137: 426.71358 | S137: 1454.8977 | T137: 1513.0996 | AP137: 1.0182726 | AQ137: 0.63970311 | AU137: 0.82271429 | AV137: 0.35081236 | AW137: 0.50401503 | AX137: 0.85098386 | AY137: 0.79538228 | AZ137: 0.41006077
A138: CEF1204 (Driver) | B138: 2013 Scion FR-S | C138: car (hatchback) | D138: Hybrid III | E138: 1394 | F138: 68.044024 | G138: 43.270454 | H138: 60319.012 | I138: 33.686874 | J138: 15.439147 | K138: 28.800896 | L138: 45.701309 | M138: 37.443149 | N138: 18.888899 | O138: 14.319163 | P138: 43.796191 | Q138: 566.91955 | R138: 133.85275 | S138: 993.14325 | T138: 1065.5238 | AP138: 1.0561782 | AQ138: 1.01215 | AU138: 0.73710962 | AV138: 0.33782725 | AW138: 0.63019849 | AX138: 0.85494076 | AY138: 0.4312909 | AZ138: 0.32694996
A139: CEF1205 (Driver) | B139: 2012 Toyota Prius Plug-in | C139: car (hatchback) | D139: Hybrid III | E139: 1578 | F139: 68.67524 | G139: 56.887004 | H139: 89767.692 | I139: 55.255688 | J139: 16.56668 | K139: 33.5164 | L139: 64.628753 | M139: 37.233246 | N139: 19.708114 | O139: 7.6680647 | P139: 42.219233 | Q139: 536.12576 | R139: 1114.7431 | S139: 917.85838 | T139: 1146.282 | AP139: 1.1360899 | AQ139: 0.74215955 | AU139: 0.85497068 | AV139: 0.25633607 | AW139: 0.51859889 | AX139: 0.88190247 | AY139: 0.46680417 | AZ139: 0.18162492
A140: CEF1207 (Driver) | B140: 2013 Dodge Dart | C140: car (sedan) | D140: Hybrid III | E140: 1622 | F140: 51.709259 | G140: 69.985018 | H140: 113515.7 | I140: 39.397695 | J140: 18.624168 | K140: 32.127758 | L140: 50.848212 | M140: 42.908496 | N140: 16.744284 | O140: 20.134766 | P140: 49.494184 | Q140: 494.31573 | R140: 142.04559 | S140: 1598.0306 | T140: 1642.6673 | AP140: 0.72655853 | AQ140: 0.70721114 | AU140: 0.77480984 | AV140: 0.36626988 | AW140: 0.63183655 | AX140: 0.86694016 | AY140: 0.33830812 | AZ140: 0.40681075
A141: CEF1208 (Driver) | B141: 2013 Nissan Altima | C141: car (sedan) | D141: Hybrid III | E141: 1552 | F141: 71.998462 | G141: 45.73213 | H141: 70976.266 | I141: 36.474084 | J141: 17.29534 | K141: 23.811583 | L141: 40.933779 | M141: 35.596646 | N141: 14.387532 | O141: 6.0955221 | P141: 38.46421 | Q141: 416.88183 | R141: 243.64784 | S141: 1023.9289 | T141: 1023.9934 | AP141: 0.89507702 | AQ141: 0.84107628 | AU141: 0.89105099 | AV141: 0.42252 | AW141: 0.58170988 | AX141: 0.9254485 | AY141: 0.37404984 | AZ141: 0.15847257
A142: CEF1301 (Driver) | B142: 2014 Mazda 6 | C142: car (sedan) | D142: Hybrid III | E142: 1570 | F142: 68.310752 | G142: 35.774498 | H142: 56165.961 | I142: 29.549761 | J142: 23.641306 | K142: 25.680867 | L142: 38.240803 | M142: 33.900921 | N142: 11.23655 | O142: 13.088312 | P142: 36.615107 | Q142: 544.88722 | R142: 466.34747 | S142: 1239.338 | T142: 1293.8368 | AP142: 1.0689403 | AQ142: 1.0234974 | AU142: 0.77272858 | AV142: 0.61822201 | AW142: 0.67155669 | AX142: 0.92587253 | AY142: 0.3068829 | AZ142: 0.35745661
A143: CEF1304 (Driver) | B143: 2014 Fiat 500 L | C143: car (hatchback) | D143: Hybrid III | E143: 1645 | F143: 61.891717 | G143: 47.672557 | H143: 78421.356 | I143: 55.517473 | J143: 33.500667 | K143: 29.162284 | L143: 66.845169 | M143: 38.549162 | N143: 16.912897 | O143: 20.371653 | P143: 44.412294 | Q143: 539.47772 | R143: 123.88195 | S143: 1946.6493 | T143: 1970.7001 | AP143: 1.4021729 | AQ143: 0.93161132 | AU143: 0.8305383 | AV143: 0.50116811 | AW143: 0.43626614 | AX143: 0.86798404 | AY143: 0.38081566 | AZ143: 0.45869402
A144: CEF1306 (Driver) | B144: 2013 Chevrolet Spark | C144: car (hatchback) | D144: Hybrid III | E144: 1195 | F144: 60.641519 | G144: 41.26106 | H144: 49306.966 | I144: 65.002913 | J144: 21.619651 | K144: 32.540222 | L144: 74.354774 | M144: 48.764259 | N144: 15.742458 | O144: 11.4405 | P144: 49.886476 | Q144: 784.46867 | R144: 195.93891 | S144: 1151.1896 | T144: 1180.6469 | AP144: 1.8020568 | AQ144: 1.209045 | AU144: 0.87422648 | AV144: 0.29076346 | AW144: 0.4376346 | AX144: 0.97750459 | AY144: 0.31556565 | AZ144: 0.22933069
A145: CEF1307 (Driver) | B145: 2014 Maserati Ghibli | C145: car (sedan) | D145: Hybrid III | E145: 2219 | F145: 70.203221 | G145: 43.656038 | H145: 96872.748 | I145: 55.103405 | J145: 9.069981 | K145: 36.794941 | L145: 59.714679 | M145: 31.960946 | N145: 9.4391453 | O145: 16.858712 | P145: 36.088374 | Q145: 585.05033 | R145: 368.03955 | S145: 679.22393 | T145: 781.96985 | AP145: 1.3678447 | AQ145: 0.82665254 | AU145: 0.92277823 | AV145: 0.15188863 | AW145: 0.61617917 | AX145: 0.88562997 | AY145: 0.2615564 | AZ145: 0.46715076
A146: CEF1308 (Driver) | B146: 2014 Mitsubishi Mirage | C146: car (hatchback) | D146: Hybrid III | E146: 1073 | F146: 67.401607 | G146: 49.907304 | H146: 53550.537 | I146: 44.812821 | J146: 38.11815 | K146: 34.209571 | L146: 52.539429 | M146: 42.014917 | N146: 11.254248 | O146: 17.907719 | P146: 44.13103 | Q146: 502.94637 | R146: 170.06028 | S146: 1799.8465 | T146: 1812.9109 | AP146: 1.0527403 | AQ146: 0.88425996 | AU146: 0.85293696 | AV146: 0.72551512 | AW146: 0.65112186 | AX146: 0.9520493 | AY146: 0.25501893 | AZ146: 0.40578519
A147: CEF1401 (Driver) | B147: 2014 BMW 2 Series | C147: car (sedan) | D147: Hybrid III | E147: 1622 | F147: 62.042228 | G147: 33.841987 | H147: 54891.702 | I147: 37.296006 | J147: 22.214114 | K147: 15.806209 | L147: 38.781849 | M147: 35.863772 | N147: 10.949485 | O147: 9.7573961 | P147: 37.535463 | Q147: 648.37779 | R147: 94.837996 | S147: 735.33389 | T147: 928.65095 | AP147: 1.1459685 | AQ147: 1.1091389 | AU147: 0.96168715 | AV147: 0.57279666 | AW147: 0.40756719 | AX147: 0.95546371 | AY147: 0.29171041 | AZ147: 0.2599514
A148: CEF1403 (Driver) | B148: 2015 Subaru WRX | C148: car (sedan) | D148: Hybrid III | E148: 1677 | F148: 63.656997 | G148: 41.843967 | H148: 70172.333 | I148: 70.114052 | J148: 22.561043 | K148: 45.495313 | L148: 80.252939 | M148: 49.312238 | N148: 27.229402 | O148: 11.041503 | P148: 51.830628 | Q148: 429.20347 | R148: 82.863988 | S148: 1825.9759 | T148: 1863.7047 | AP148: 1.9179094 | AQ148: 1.2386643 | AU148: 0.87366336 | AV148: 0.2811242 | AW148: 0.56689903 | AX148: 0.95141116 | AY148: 0.5253535 | AZ148: 0.21303047
A149: CEF1404 (Driver) | B149: 2014 Ford C-Max | C149: car (wagon) | D149: Hybrid III | E149: 1754 | F149: 68.125822 | G149: 35.342829 | H149: 61991.322 | I149: 45.507724 | J149: 9.905561 | K149: 33.167425 | L149: 55.046613 | M149: 41.234484 | N149: 12.760613 | O149: 16.662037 | P149: 44.863752 | Q149: 627.40899 | R149: 160.48986 | S149: 1452.2706 | T149: 1497.4335 | AP149: 1.5575044 | AQ149: 1.2693877 | AU149: 0.82671252 | AV149: 0.1799486 | AW149: 0.60253343 | AX149: 0.91910466 | AY149: 0.28443036 | AZ149: 0.37139195
... A158: CEF2227 | B158: 2023 Genesis G80 EV | C158: car (sedan) | D158: Hybrid III | E158: 2427 | F158: 69.202906 | G158: 24.330704 | H158: 59050.619 | I158: 27.517142 | J158: 5.1031414 | K158: 22.462574 | L158: 32.566557 | M158: 25.706791 | N158: 15.814091 | O158: 10.208272 | P158: 27.792657 | Q158: 605.01997 | R158: 98.057884 | S158: 884.27249 | T158: 887.66529 | AP158: 1.3384963 | AQ158: 1.1422874 | AU158: 0.84495091 | AV158: 0.15669883 | AW158: 0.6897436 | AX158: 0.92494901 | AY158: 0.56900248 | AZ158: 0.36730103
A159: CEF2302 | B159: 2022 Honda Civic | C159: car (sedan) | D159: Hybrid III | E159: 1529 | F159: 67.847297 | G159: 46.447243 | H159: 71017.834 | I159: 55.18688 | J159: 36.572648 | K159: 23.303227 | L159: 65.844239 | M159: 38.568464 | N159: 13.705514 | O159: 26.917759 | P159: 48.156013 | Q159: 1027.5813 | R159: 293.07016 | S159: 1061.2579 | T159: 1305.1497 | U159: 57.857637 | V159: 20.608347 | W159: 43.367616 | X159: 60.668204 | Y159: 27.63023 | Z159: 23.904847 | AA159: 26.502889 | AB159: 37.526736 | AC159: 42.702521 | AD159: 16.209944 | AE159: 32.357694 | AF159: 47.030584 | AG159: 1056.3095 | AH159: 101.87917 | AI159: 1523.0132 | AJ159: 1816.9219 | AK159: 3727.1022 | AL159: 2823.9511 | AM159: 2008.205 | AN159: 3837.2301 | AP159: 1.4176135 | AQ159: 1.0367895 | AR159: 1.3061745 | AS159: 0.80794325 | AT159: 1.0125592 | AU159: 0.83814288 | AV159: 0.55544188 | AW159: 0.35391445 | AX159: 0.80090649 | AY159: 0.28460649 | AZ159: 0.55896985 | BA159: 0.95367314 | BB159: 0.33968942 | BC159: 0.71483269 | BD159: 0.73628118 | BE159: 0.63700842 | BF159: 0.70624017 | BG159: 0.90797343 | BH159: 0.34466815 | BI159: 0.68801388
A160: CEF2303 | B160: 2022 Kia Forte | C160: car (sedan) | D160: Hybrid III | E160: 1531 | F160: 67.401857 | G160: 53.273556 | H160: 81561.815 | I160: 43.37036 | J160: 12.155995 | K160: 34.346495 | L160: 53.291926 | M160: 40.238088 | N160: 18.238382 | O160: 16.697101 | P160: 42.898401 | Q160: 455.16412 | R160: 205.6749 | S160: 1310.2546 | T160: 1336.577 | U160: 53.343223 | V160: 17.59887 | W160: 74.407599 | X160: 88.218693 | Y160: 46.310469 | Z160: 31.950197 | AA160: 25.362803 | AB160: 48.066252 | AC160: 45.682747 | AD160: 27.090691 | AE160: 33.118861 | AF160: 53.099692 | AG160: 1458.9456 | AH160: 490.67954 | AI160: 3277.1111 | AJ160: 3523.3372 | AK160: 2085.4897 | AL160: 2852.1111 | AM160: 1107.4434 | AN160: 3160.4714 | AP160: 1.0003448 | AQ160: 0.80524756 | AR160: 1.6559565 | AS160: 0.9022535 | AT160: 0.99673639 | AU160: 0.8138261 | AV160: 0.228102 | AW160: 0.64449715 | AX160: 0.93798572 | AY160: 0.42515296 | AZ160: 0.38922432 | BA160: 0.60467029 | BB160: 0.19949139 | BC160: 0.84344482 | BD160: 0.96347159 | BE160: 0.66471163 | BF160: 0.52766342 | BG160: 0.86032036 | BH160: 0.51018546 | BI160: 0.62371098
A161: CEF2304 | B161: 2022 Nissan Sentra | C161: car (sedan) | D161: Hybrid III | E161: 1603 | F161: 73.757043 | G161: 46.802268 | H161: 75024.036 | I161: 77.394034 | J161: 50.63868 | K161: 29.151605 | L161: 92.716553 | M161: 35.750865 | N161: 12.139616 | O161: 14.971829 | P161: 37.730619 | Q161: 392.34837 | R161: 335.2259 | S161: 983.79925 | T161: 994.40331 | U161: 59.331628 | V161: 46.593153 | W161: 58.242754 | X161: 78.128329 | Y161: 33.9584 | Z161: 41.909692 | AA161: 28.715831 | AB161: 50.847317 | AC161: 40.437506 | AD161: 24.650967 | AE161: 50.789353 | AF161: 66.391828 | AG161: 1306.8939 | AH161: 872.07367 | AI161: 3034.838 | AJ161: 3289.4972 | AK161: 4885.3451 | AL161: 4152.3461 | AM161: 2600.085 | AN161: 5433.3295 | AP161: 1.9810269 | AQ161: 0.80617072 | AR161: 1.6693278 | AS161: 1.0864285 | AT161: 1.41856 | AU161: 0.83473804 | AV161: 0.54616655 | AW161: 0.3144164 | AX161: 0.94752926 | AY161: 0.32174442 | AZ161: 0.39680847 | BA161: 0.75941248 | BB161: 0.59636695 | BC161: 0.74547548 | BD161: 0.66785038 | BE161: 0.82422623 | BF161: 0.56474624 | BG161: 0.60907354 | BH161: 0.37129521 | BI161: 0.76499405
A162: CEF2305 | B162: 2022 Subaru Crosstrek | C162: car (wagon) | D162: Hybrid III | E162: 1722 | F162: 68.346875 | G162: 42.412498 | H162: 73034.322 | I162: 32.446996 | J162: 20.02221 | K162: 31.322928 | L162: 47.869083 | M162: 43.90174 | N162: 18.491311 | O162: 12.471331 | P162: 47.904728 | Q162: 500.744 | R162: 14.113887 | S162: 1382.3812 | T162: 1383.8668 | U162: 35.721716 | V162: 9.4419184 | W162: 73.426234 | X162: 79.902423 | Y162: 48.257632 | Z162: 23.579516 | AA162: 21.285436 | AB162: 51.67604 | AC162: 33.130756 | AD162: 31.327302 | AE162: 40.802162 | AF162: 55.370175 | AG162: 1159.4916 | AH162: 33.46896 | AI162: 2712.2606 | AJ162: 2899.6947 | AK162: 2829.4521 | AL162: 1545.2176 | AM162: 2816.493 | AN162: 3271.9305 | AP162: 1.1286551 | AQ162: 1.1294955 | AR162: 1.8839358 | AS162: 1.2184154 | AT162: 1.3055155 | AU162: 0.6778278 | AV162: 0.41827017 | AW162: 0.65434569 | AX162: 0.91643857 | AY162: 0.3860018 | AZ162: 0.26033611 | BA162: 0.44706675 | BB162: 0.11816811 | BC162: 0.91894877 | BD162: 0.93384927 | BE162: 0.45629495 | BF162: 0.41190146 | BG162: 0.59835021 | BH162: 0.56577935 | BI162: 0.73689782
A163: CEF2306 | B163: 2023 Toyota Corolla | C163: car (sedan) | D163: Hybrid III | E163: 1546 | F163: 68.482935 | G163: 43.129193 | H163: 66677.732 | I163: 31.399706 | J163: 28.518549 | K163: 29.629384 | L163: 47.995905 | M163: 41.02783 | N163: 19.123801 | O163: 13.072178 | P163: 45.064615 | Q163: 504.18309 | R163: 61.046132 | S163: 916.51014 | T163: 997.38824 | U163: 28.354241 | V163: 22.64182 | W163: 50.621413 | X163: 58.866057 | Y163: 34.444837 | Z163: 28.064761 | AA163: 21.752237 | AB163: 42.042655 | AC163: 30.072057 | AD163: 24.649685 | AE163: 31.604205 | AF163: 42.81993 | AG163: 894.15053 | AH163: 276.80106 | AI163: 1966.9294 | AJ163: 2138.902 | AK163: 2409.8299 | AL163: 1850.906 | AM163: 1406.3867 | AN163: 2832.5033 | AP163: 1.1128403 | AQ163: 1.044875 | AR163: 1.3648773 | AS163: 0.97480736 | AT163: 0.99282938 | AU163: 0.65421636 | AV163: 0.59418714 | AW163: 0.6173315 | AX163: 0.9104223 | AY163: 0.42436401 | AZ163: 0.29007634 | BA163: 0.48167386 | BB163: 0.38463286 | BC163: 0.85994231 | BD163: 0.81928312 | BE163: 0.66753067 | BF163: 0.51738495 | BG163: 0.70229113 | BH163: 0.57565916 | BI163: 0.73807231
A164: CEF2307 | B164: 2023 Toyota Camry | C164: car (sedan) | D164: Hybrid III | E164: 1718 | F164: 65.016216 | G164: 45.944952 | H164: 78933.427 | I164: 34.128026 | J164: 31.719803 | K164: 31.543889 | L164: 51.055844 | M164: 38.071311 | N164: 17.203548 | O164: 11.532465 | P164: 41.905614 | Q164: 424.22113 | R164: 201.67693 | S164: 927.76438 | T164: 1017.4951 | U164: 31.588046 | V164: 15.05911 | W164: 46.793627 | X164: 55.851024 | Y164: 34.052535 | Z164: 22.204967 | AA164: 25.420963 | AB164: 40.323217 | AC164: 35.354661 | AD164: 19.01722 | AE164: 36.682923 | AF164: 44.401527 | AG164: 1032.0907 | AH164: 78.084779 | AI164: 1832.8807 | AJ164: 2038.5261 | AK164: 2982.6011 | AL164: 2564.7958 | AM164: 1804.1044 | AN164: 3358.5696 | AP164: 1.1112395 | AQ164: 0.9120831 | AR164: 1.2156074 | AS164: 0.87764194 | AT164: 0.96640708 | AU164: 0.66844504 | AV164: 0.62127664 | AW164: 0.61783112 | AX164: 0.90850145 | AY164: 0.41053086 | AZ164: 0.27520095 | BA164: 0.56557684 | BB164: 0.26962998 | BC164: 0.83782934 | BD164: 0.84448955 | BE164: 0.55067448 | BF164: 0.63042994 | BG164: 0.79624878 | BH164: 0.42830104 | BI164: 0.82616355
A165: CEF2308 | B165: 2023 Nissan Altima | C165: car (sedan) | D165: Hybrid III | E165: 1679 | F165: 64.109003 | G165: 42.636968 | H165: 71587.47 | I165: 37.276396 | J165: 16.061166 | K165: 28.112854 | L165: 38.837417 | M165: 30.539404 | N165: 14.892728 | O165: 13.922142 | P165: 35.09262 | Q165: 283.00518 | R165: 413.08234 | S165: 1072.6268 | T165: 1077.6568 | U165: 45.232632 | V165: 20.732519 | W165: 36.882504 | X165: 58.503728 | Y165: 25.409072 | Z165: 24.049304 | AA165: 20.513141 | AB165: 33.114425 | AC165: 24.350715 | AD165: 18.776739 | AE165: 43.100562 | AF165: 45.926955 | AG165: 1276.4166 | AH165: 749.29748 | AI165: 2086.9329 | AJ165: 2422.6054 | AK165: 3213.5575 | AL165: 2365.7738 | AM165: 798.17635 | AN165: 3436.337 | AP165: 0.910886 | AQ165: 0.82305618 | AR165: 1.3721362 | AS165: 0.77665993 | AT165: 1.0771628 | AU165: 0.95980624 | AV165: 0.41354878 | AW165: 0.72386003 | AX165: 0.87025145 | AY165: 0.42438348 | AZ165: 0.39672563 | BA165: 0.77315812 | BB165: 0.35437945 | BC165: 0.63042998 | BD165: 0.76731129 | BE165: 0.7262486 | BF165: 0.61946241 | BG165: 0.53020531 | BH165: 0.40883918 | BI165: 0.93845897
A166: CEF2309 | B166: 2023 Subaru Outback | C166: car (wagon) | D166: Hybrid III | E166: 1826 | F166: 66.619804 | G166: 50.374844 | H166: 91984.465 | I166: 32.626948 | J166: 28.020776 | K166: 30.615701 | L166: 47.062715 | M166: 37.496699 | N166: 15.135713 | O166: 16.577673 | P166: 43.263841 | Q166: 421.80432 | R166: 196.29817 | S166: 1392.9101 | T166: 1438.7327 | U166: 33.191711 | V166: 18.516233 | W166: 43.437856 | X166: 53.940393 | Y166: 38.025679 | Z166: 28.740631 | AA166: 23.54216 | AB166: 41.195093 | AC166: 37.707712 | AD166: 21.981715 | AE166: 32.953523 | AF166: 45.035501 | AG166: 1190.3006 | AH166: 228.14456 | AI166: 1829.0878 | AJ166: 2162.6351 | AK166: 4091.5676 | AL166: 2313.6573 | AM166: 1658.6342 | AN166: 4371.0343 | AP166: 0.93425034 | AQ166: 0.85883822 | AR166: 1.0707803 | AS166: 0.81777113 | AT166: 0.89400775 | AU166: 0.69326532 | AV166: 0.59539226 | AW166: 0.65052986 | AX166: 0.86669834 | AY166: 0.34984672 | AZ166: 0.38317617 | BA166: 0.61534055 | BB166: 0.34327212 | BC166: 0.80529365 | BD166: 0.92306331 | BE166: 0.69767123 | BF166: 0.57147973 | BG166: 0.83728861 | BH166: 0.48809749 | BI166: 0.73172324
A167: CEF2310 | B167: 2023 Volkswagen Jetta | C167: car (sedan) | D167: Hybrid III | E167: 1567 | F167: 66.376754 | G167: 50.674732 | H167: 79407.305 | I167: 44.989908 | J167: 13.640263 | K167: 26.28589 | L167: 48.907717 | M167: 41.763798 | N167: 13.7306 | O167: 16.20832 | P167: 42.492777 | Q167: 504.51057 | R167: 40.715566 | S167: 1105.4956 | T167: 1146.6032 | U167: 54.589397 | V167: 16.519806 | W167: 90.829565 | X167: 98.874445 | Y167: 51.497587 | Z167: 25.4392 | AA167: 20.853963 | AB167: 54.601524 | AC167: 62.394609 | AD167: 33.682269 | AE167: 42.165298 | AF167: 77.632831 | AG167: 1308.5511 | AH167: 400.24987 | AI167: 3444.9405 | AJ167: 3671.4761 | AK167: 1742.3427 | AL167: 3204.3172 | AM167: 1948.9527 | AN167: 3276.6789 | AP167: 0.96513025 | AQ167: 0.83853975 | AR167: 1.9511587 | AS167: 1.0774901 | AT167: 1.5319831 | AU167: 0.91989386 | AV167: 0.27889798 | AW167: 0.53745895 | AX167: 0.98284463 | AY167: 0.32312785 | AZ167: 0.38143706 | BA167: 0.55210825 | BB167: 0.16707862 | BC167: 0.91863539 | BD167: 0.94315292 | BE167: 0.46590641 | BF167: 0.38193006 | BG167: 0.80371421 | BH167: 0.4338663 | BI167: 0.54313745
A168: CEF2311 | B168: 2023 Hyundai Sonata | C168: car (sedan) | D168: Hybrid III | E168: 1640 | F168: 69.564497 | G168: 34.876217 | H168: 57196.997 | I168: 48.843879 | J168: 18.335575 | K168: 20.201597 | L168: 51.735781 | M168: 41.59069 | N168: 14.603332 | O168: 9.4993851 | P168: 43.893462 | Q168: 653.37239 | R168: 50.780909 | S168: 653.80629 | T168: 787.79157 | U168: 62.686627 | V168: 16.409068 | W168: 63.136979 | X168: 87.782558 | Y168: 38.861741 | Z168: 31.869016 | AA168: 20.450137 | AB168: 48.833437 | AC168: 40.131513 | AD168: 19.436453 | AE168: 35.312488 | AF168: 43.786402 | AG168: 1322.3979 | AH168: 165.79216 | AI168: 3805.021 | AJ168: 4027.5806 | AK168: 3334.4265 | AL168: 2603.126 | AM168: 539.87803 | AN168: 3502.5446 | AP168: 1.4834115 | AQ168: 1.25855 | AR168: 2.5169747 | AS168: 1.400193 | AT168: 1.2554802 | AU168: 0.94410248 | AV168: 0.35440801 | AW168: 0.39047632 | AX168: 0.94753723 | AY168: 0.33269947 | AZ168: 0.21641914 | BA168: 0.71411255 | BB168: 0.18692856 | BC168: 0.71924286 | BD168: 0.79580189 | BE168: 0.65260647 | BF168: 0.41877324 | BG168: 0.91652912 | BH168: 0.44389245 | BI168: 0.80647157
A169: CEF2312 | B169: 2023 Kia K5 | C169: car (sedan) | D169: Hybrid III | E169: 1632 | F169: 68.745214 | G169: 32.836838 | H169: 53589.719 | I169: 42.843375 | J169: 16.6848 | K169: 17.927266 | L169: 45.961564 | M169: 36.191308 | N169: 12.901357 | O169: 6.8797766 | P169: 37.412108 | Q169: 448.18718 | R169: 71.282157 | S169: 698.42087 | T169: 728.87045 | U169: 62.119782 | V169: 28.693143 | W169: 67.132754 | X169: 86.642387 | Y169: 42.943493 | Z169: 33.639804 | AA169: 17.879403 | AB169: 50.593895 | AC169: 46.516925 | AD169: 18.816192 | AE169: 32.336209 | AF169: 53.324145 | AG169: 1345.8959 | AH169: 341.32265 | AI169: 3892.594 | AJ169: 4099.9695 | AK169: 4486.2538 | AL169: 2320.176 | AM169: 852.40836 | AN169: 4488.1467 | AP169: 1.3996952 | AQ169: 1.1393335 | AR169: 2.6385728 | AS169: 1.5407664 | AT169: 1.6239123 | AU169: 0.93215659 | AV169: 0.36301637 | AW169: 0.39004909 | AX169: 0.96736885 | AY169: 0.34484442 | AZ169: 0.18389171 | BA169: 0.71696757 | BB169: 0.3311675 | BC169: 0.77482576 | BD169: 0.84878803 | BE169: 0.66489847 | BF169: 0.35339053 | BG169: 0.87234263 | BH169: 0.35286439 | BI169: 0.6064084
A170: CEF2313 | B170: 2023 Honda Accord | C170: car (sedan) | D170: Hybrid III | E170: 1691 | F170: 69.442309 | G170: 52.122463 | H170: 88139.085 | I170: 32.129281 | J170: 33.892505 | K170: 24.648105 | L170: 36.541314 | M170: 31.956175 | N170: 17.742176 | O170: 17.758227 | P170: 36.748304 | Q170: 597.81398 | R170: 54.756536 | S170: 1143.3186 | T170: 1286.8482 | U170: 26.876404 | V170: 8.9147574 | W170: 45.891225 | X170: 47.797727 | Y170: 25.672806 | Z170: 20.85983 | AA170: 14.535995 | AB170: 35.965754 | AC170: 33.658195 | AD170: 15.526906 | AE170: 27.607854 | AF170: 45.4512 | AG170: 668.83337 | AH170: 1722.2153 | AI170: 1623.9232 | AJ170: 1836.8092 | AK170: 3040.3455 | AL170: 1902.4693 | AM170: 2702.5386 | AN170: 4048.0618 | AP170: 0.70106652 | AQ170: 0.70503774 | AR170: 0.9170274 | AS170: 0.69002408 | AT170: 0.8720079 | AU170: 0.87925906 | AV170: 0.92751196 | AW170: 0.67452705 | AX170: 0.86959593 | AY170: 0.48280258 | AZ170: 0.48323936 | BA170: 0.56229461 | BB170: 0.18651007 | BC170: 0.96011313 | BD170: 0.71381253 | BE170: 0.57999144 | BF170: 0.40416209 | BG170: 0.74053481 | BH170: 0.34161708 | BI170: 0.60741749
... A214: CEF2623 | B214: 2026 Subaru Crosstrek Hybrid | C214: car (wagon) | D214: Hybrid III | E214: 1929 | F214: 71.612812 | G214: 51.757494 | H214: 99840.206 | I214: 31.607286 | J214: 46.441556 | K214: 31.840726 | L214: 48.484456 | M214: 38.187708 | N214: 13.708586 | O214: 17.585743 | P214: 42.797606 | Q214: 366.96004 | R214: 263.70028 | S214: 1471.7027 | T214: 1474.0397 | U214: 21.832868 | V214: 11.062103 | W214: 44.65832 | X214: 49.009277 | Y214: 31.491913 | Z214: 22.963476 | AA214: 26.372785 | AB214: 37.967824 | AC214: 46.049881 | AD214: 25.077737 | AE214: 31.732191 | AF214: 57.217805 | AG214: 729.85089 | AH214: 194.48664 | AI214: 1635.0243 | AJ214: 1758.8313 | AK214: 706.29216 | AL214: 1874.0038 | AM214: 1344.5569 | AN214: 1874.0167 | AP214: 0.93676206 | AQ214: 0.82688713 | AR214: 0.94690205 | AS214: 0.73357153 | AT214: 1.105498 | AU214: 0.65190554 | AV214: 0.95786485 | AW214: 0.65672029 | AX214: 0.89228608 | AY214: 0.32031198 | AZ214: 0.41090483 | BA214: 0.4454844 | BB214: 0.22571447 | BC214: 0.91122176 | BD214: 0.82943687 | BE214: 0.60481411 | BF214: 0.6946088 | BG214: 0.80481734 | BH214: 0.43828555 | BI214: 0.55458595
A215: CF00002 | B215: 1997 Toyota Camry | C215: car (sedan) | D215: Hybrid III | E215: 1528 | F215: 70.1621 | G215: 34.9701 | H215: 53434.313 | I215: 56.6501 | J215: 14.6845 | K215: 22.9041 | L215: 60.8347 | M215: 34.8855 | N215: 13.9613 | O215: 7.3169 | P215: 36.0608 | Q215: 352.6281 | R215: 265.0511 | S215: 1310.6127 | T215: 1351.1353 | AP215: 1.7396204 | AQ215: 1.0311895 | AU215: 0.9312136 | AV215: 0.24138362 | AW215: 0.3764973 | AX215: 0.96740782 | AY215: 0.38716002 | AZ215: 0.20290454
A216: CF00003 | B216: 1999 Daewoo Leganza | C216: car (sedan) | D216: Hybrid III | E216: 1574 | F216: 65.0737 | G216: 31.6927 | H216: 49884.31 | I216: 75.6713 | J216: 24.1715 | K216: 26.9391 | L216: 81.7779 | M216: 40.9676 | N216: 20.27 | O216: 18.123 | P216: 45.397 | Q216: 728.2685 | R216: 27.4582 | S216: 2116.2375 | T216: 2209.8935 | AP216: 2.5803387 | AQ216: 1.4324119 | AU216: 0.92532701 | AV216: 0.29557497 | AW216: 0.32941785 | AX216: 0.90242968 | AY216: 0.44650528 | AZ216: 0.3992114
A217: CF00004 | B217: 2000 Nissan Altima | C217: car (sedan) | D217: Hybrid III | E217: 1512 | F217: 68.6368 | G217: 29.3974 | H217: 44448.869 | I217: 53.0012 | J217: 9.0452 | K217: 22.4314 | L217: 56.5857 | M217: 36.6824 | N217: 13.5219 | O217: 10.5776 | P217: 37.5105 | Q217: 406.4618 | R217: 160.0727 | S217: 1301.6241 | T217: 1309.571 | AP217: 1.9248539 | AQ217: 1.2759802 | AU217: 0.93665361 | AV217: 0.15984957 | AW217: 0.39641464 | AX217: 0.97792351 | AY217: 0.36048306 | AZ217: 0.28199038
A218: CF00005 | B218: 2000 Subaru Legacy | C218: car (sedan) | D218: Hybrid III | E218: 1600 | F218: 70.5137 | G218: 38.9827 | H218: 62372.32 | I218: 39.6005 | J218: 10.2898 | K218: 33.7512 | L218: 48.7579 | M218: 46.1218 | N218: 21.0253 | O218: 13.848 | P218: 49.579 | Q218: 382.6114 | R218: 169.833 | S218: 2129.1546 | T218: 2133.7338 | AP218: 1.2507574 | AQ218: 1.2718206 | AU218: 0.81218633 | AV218: 0.21103862 | AW218: 0.69222013 | AX218: 0.93026886 | AY218: 0.42407673 | AZ218: 0.27931181
A219: CF00006 | B219: 2000 BMW 328i | C219: car (sedan) | D219: Hybrid III | E219: 1620 | F219: 69.9255 | G219: 41.8006 | H219: 67716.972 | I219: 61.6985 | J219: 19.9835 | K219: 27.7755 | L219: 66.4065 | M219: 46.9491 | N219: 19.5064 | O219: 18.2736 | P219: 52.1806 | Q219: 677.7263 | R219: 1483.3751 | S219: 1497.5031 | T219: 1596.7603 | AP219: 1.5886494 | AQ219: 1.2483218 | AU219: 0.92910333 | AV219: 0.30092687 | AW219: 0.41826478 | AX219: 0.89974243 | AY219: 0.37382475 | AZ219: 0.35019912
A220: CF00007 | B220: 2000 Volvo S80 | C220: car (sedan) | D220: Hybrid III | E220: 1715 | F220: 70.147 | G220: 63.1882 | H220: 108367.76 | I220: 37.6685 | J220: 14.3996 | K220: 29.0988 | L220: 48.1802 | M220: 40.4636 | N220: 15.8089 | O220: 9.3001 | P220: 43.3104 | Q220: 713.3167 | R220: 458.9951 | S220: 1295.2656 | T220: 1295.3266 | AP220: 0.7624873 | AQ220: 0.68541911 | AU220: 0.78182531 | AV220: 0.29886966 | AW220: 0.60395764 | AX220: 0.93426983 | AY220: 0.36501395 | AZ220: 0.21473133
A221: CF00010 | B221: 2000 Ford Taurus | C221: car (sedan) | D221: Hybrid III | E221: 1622 | F221: 72.4761 | G221: 35.8715 | H221: 58183.573 | I221: 38.5863 | J221: 22.3626 | K221: 19.3963 | L221: 42.5361 | M221: 41.9353 | N221: 12.2221 | O221: 9.7254 | P221: 43.639 | Q221: 441.3643 | R221: 50.3692 | S221: 1356.1759 | T221: 1357.6292 | AP221: 1.1857909 | AQ221: 1.2165368 | AU221: 0.9071424 | AV221: 0.52573226 | AW221: 0.4559962 | AX221: 0.96095923 | AY221: 0.28007287 | AZ221: 0.22286029
A222: CF00012 | B222: 2000 Toyota Avalon | C222: car (sedan) | D222: Hybrid III | E222: 1677 | F222: 69.3365 | G222: 36.3369 | H222: 60936.981 | I222: 56.328 | J222: 16.0582 | K222: 30.44 | L222: 61.0182 | M222: 53.2082 | N222: 18.2806 | O222: 17.4342 | P222: 55.7352 | Q222: 635.8797 | R222: 1539.788 | S222: 1826.9045 | T222: 1830.6628 | AP222: 1.6792352 | AQ222: 1.5338458 | AU222: 0.92313441 | AV222: 0.26317066 | AW222: 0.49886755 | AX222: 0.95466061 | AY222: 0.32799021 | AZ222: 0.31280412
A223: CF00015 | B223: 2000 Nissan Maxima | C223: car (sedan) | D223: Hybrid III | E223: 1624 | F223: 68.404 | G223: 36.9319 | H223: 59977.406 | I223: 55.8537 | J223: 14.7659 | K223: 21.7968 | L223: 59.0384 | M223: 41.0685 | N223: 18.8041 | O223: 13.9623 | P223: 43.1953 | Q223: 497.8118 | R223: 1108.8063 | S223: 2012.4474 | T223: 2016.3906 | AP223: 1.5985747 | AQ223: 1.1695932 | AU223: 0.94605714 | AV223: 0.25010671 | AW223: 0.369197 | AX223: 0.95076316 | AY223: 0.43532745 | AZ223: 0.32323656
A224: CF00016 | B224: 2000 Nissan Sentra | C224: car (sedan) | D224: Hybrid III | E224: 1324 | F224: 67.7327 | G224: 35.3766 | H224: 46838.618 | I224: 138.5504 | J224: 24.5466 | K224: 38.7346 | L224: 145.7549 | M224: 38.8436 | N224: 20.0022 | O224: 16.9017 | P224: 41.2923 | Q224: 550.3398 | R224: 378.7801 | S224: 1620.9551 | T224: 1652.3197 | AP224: 4.1200935 | AQ224: 1.1672207 | AU224: 0.95057113 | AV224: 0.16841012 | AW224: 0.26575161 | AX224: 0.94069839 | AY224: 0.48440508 | AZ224: 0.40931844
A225: CF00017 | B225: 2000 Lincoln LS | C225: car (sedan) | D225: Hybrid III | E225: 1837 | F225: 70.7282 | G225: 51.8966 | H225: 95334.054 | I225: 49.9635 | J225: 20.7062 | K225: 28.7034 | L225: 58.3859 | M225: 43.0041 | N225: 19.7305 | O225: 10.3705 | P225: 43.5677 | Q225: 273.3409 | R225: 129.6916 | S225: 1776.6154 | T225: 1787.3408 | AP225: 1.1250429 | AQ225: 0.83950972 | AU225: 0.85574599 | AV225: 0.35464384 | AW225: 0.49161527 | AX225: 0.98706381 | AY225: 0.4528699 | AZ225: 0.23803184
A226: CF00026 | B226: 2001 Dodge Stratus | C226: car (sedan) | D226: Hybrid III | E226: 1600 | F226: 71.9335 | G226: 41.6062 | H226: 66569.92 | I226: 55.9364 | J226: 18.8381 | K226: 27.329 | L226: 61.0847 | M226: 49.6929 | N226: 15.8451 | O226: 11.8117 | P226: 51.9965 | Q226: 592.8549 | R226: 54.1301 | S226: 1756.3357 | T226: 1852.4333 | AP226: 1.4681634 | AQ226: 1.2497296 | AU226: 0.91571867 | AV226: 0.3083931 | AW226: 0.44739517 | AX226: 0.95569702 | AY226: 0.30473397 | AZ226: 0.22716337
... A228: CF00030 | B228: 2001 Chrysler LHS | C228: car (sedan) | D228: Hybrid III | E228: 1741 | F228: 68.5934 | G228: 41.99 | H228: 73104.59 | I228: 56.513 | J228: 10.6229 | K228: 20.1345 | L228: 58.4614 | M228: 42.1702 | N228: 13.5269 | O228: 10.2745 | P228: 44.2091 | Q228: 301.208 | R228: 49.3933 | S228: 1957.3002 | T228: 1968.3985 | AP228: 1.3922696 | AQ228: 1.0528483 | AU228: 0.96667203 | AV228: 0.18170793 | AW228: 0.34440674 | AX228: 0.95388054 | AY228: 0.30597547 | AZ228: 0.2324069
A229: CF00031 | B229: 2001 Honda Civic | C229: car (sedan) | D229: Hybrid III | E229: 1256 | F229: 69.987 | G229: 40.6924 | H229: 51109.654 | I229: 64.2604 | J229: 9.1855 | K229: 21.683 | L229: 66.2075 | M229: 50.7001 | N229: 15.9315 | P229: 52.2199 | Q229: 549.5562 | R229: 1787.0582 | S229: 2592.4011 | T229: 2592.4304 | AP229: 1.6270237 | AQ229: 1.2832839 | AU229: 0.97059095 | AV229: 0.13873806 | AW229: 0.32750066 | AX229: 0.97089615 | AY229: 0.30508484
A230: CF00032 | B230: 2001 Lexus LS 430 | C230: car (sedan) | D230: Hybrid III | E230: 1954 | F230: 70.0299 | G230: 41.6003 | H230: 81286.986 | I230: 49.2821 | J230: 16.8691 | K230: 31.5241 | L230: 54.9989 | M230: 46.4961 | N230: 15.4399 | O230: 36.8031 | P230: 48.5504 | Q230: 692.8869 | R230: 1463.1172 | S230: 2006.916 | T230: 2014.551 | AP230: 1.3220794 | AQ230: 1.1670685 | AU230: 0.8960561 | AV230: 0.30671704 | AW230: 0.57317692 | AX230: 0.95768727 | AY230: 0.31801798 | AZ230: 0.75803907
A231: CF00033 | B231: 2001 Mercedes C320 | C231: car (sedan) | D231: Hybrid III | E231: 1672 | F231: 69.3081 | G231: 147.9406 | H231: 247356.68 | I231: 47.6077 | J231: 19.373 | K231: 23.2567 | L231: 53.2198 | M231: 46.7605 | N231: 19.9578 | O231: 9.2166 | P231: 50.879 | Q231: 465.5473 | R231: 257.1911 | S231: 1954.1283 | T231: 1994.3894 | AP231: 0.35973762 | AQ231: 0.34391506 | AU231: 0.89454865 | AV231: 0.36401865 | AW231: 0.43699337 | AX231: 0.91905305 | AY231: 0.39226007 | AZ231: 0.18114743
A232: CF00034 | B232: 2001 Hyundai Elantra | C232: car (sedan) | D232: Hybrid III | E232: 1432 | F232: 70.6378 | G232: 40.0184 | H232: 57306.349 | I232: 113.8498 | J232: 16.8908 | K232: 41.2924 | L232: 121.8397 | M232: 50.822 | N232: 19.944 | O232: 12.3015 | P232: 52.4278 | Q232: 386.6954 | R232: 88.1315 | S232: 1375.3757 | T232: 1384.3678 | AP232: 3.044592 | AQ232: 1.3100924 | AU232: 0.93442285 | AV232: 0.13863133 | AW232: 0.3389076 | AX232: 0.96937121 | AY232: 0.38040887 | AZ232: 0.23463697
A233: CF98019 | B233: 1999 Mitsubishi Galant | C233: car (sedan) | D233: Hybrid III | E233: 1511 | F233: 68.684501 | G233: 37.888512 | H233: 57249.542 | I233: 54.039353 | J233: 16.837878 | K233: 22.293771 | L233: 59.29938 | M233: 39.053846 | N233: 14.374758 | O233: 13.130774 | P233: 41.664324 | Q233: 355.04026 | R233: 42.040723 | S233: 1864.9482 | T233: 1865.7374 | AP233: 1.5651018 | AQ233: 1.0996559 | AU233: 0.9112971 | AV233: 0.28394695 | AW233: 0.37595285 | AX233: 0.93734501 | AY233: 0.34501359 | AZ233: 0.3151563
A234: CF98021 | B234: 1999 Saab 9-5 | C234: car (sedan) | D234: Hybrid III | E234: 1734 | F234: 69.7853 | G234: 38.5728 | H234: 66885.235 | I234: 48.4805 | J234: 15.849 | K234: 23.8711 | L234: 53.9419 | M234: 44.4773 | N234: 19.3313 | O234: 13.238 | P234: 47.1166 | Q234: 484.5503 | R234: 174.183 | S234: 1233.1869 | T234: 1240.2679 | AP234: 1.398444 | AQ234: 1.2214981 | AU234: 0.89875403 | AV234: 0.29381612 | AW234: 0.44253354 | AX234: 0.94398365 | AY234: 0.4102864 | AZ234: 0.28096255
A235: CF99001 | B235: 1999 Volkswagen Jetta | C235: car (sedan) | D235: Hybrid III | E235: 1455 | F235: 70.085397 | G235: 29.706234 | H235: 43222.57 | I235: 46.127147 | J235: 27.401083 | K235: 17.70802 | L235: 48.783729 | M235: 38.701038 | N235: 18.181957 | O235: 11.247397 | P235: 42.616073 | Q235: 325.06661 | R235: 67.5769 | S235: 1295.1848 | T235: 1317.3271 | AP235: 1.6422051 | AQ235: 1.4345835 | AU235: 0.94554369 | AV235: 0.56168488 | AW235: 0.36299029 | AX235: 0.90813243 | AY235: 0.42664553 | AZ235: 0.26392383
A236: CF99003 | B236: 1999 Hyundai Sonata | C236: car (sedan) | D236: Hybrid III | E236: 1544 | F236: 68.12331 | G236: 31.161175 | H236: 48112.854 | I236: 47.253607 | J236: 16.419081 | K236: 31.372632 | L236: 53.544276 | M236: 41.297471 | N236: 19.109892 | O236: 12.213539 | P236: 44.567754 | Q236: 415.34384 | R236: 629.41014 | S236: 1430.6758 | T236: 1434.2134 | AP236: 1.7183009 | AQ236: 1.4302334 | AU236: 0.88251463 | AV236: 0.30664493 | AW236: 0.58591944 | AX236: 0.92662222 | AY236: 0.42878293 | AZ236: 0.2740443
A237: CF99004 | B237: 1999 Saab 9-3 | C237: car (sedan) | D237: Hybrid III | E237: 1567 | F237: 68.623931 | G237: 35.408863 | H237: 55485.688 | I237: 88.107841 | J237: 12.740982 | K237: 25.756738 | L237: 92.362704 | M237: 39.323222 | N237: 18.570961 | O237: 10.932205 | P237: 42.020694 | Q237: 469.03865 | R237: 542.94669 | S237: 1443.3643 | T237: 1443.814 | AP237: 2.6084629 | AQ237: 1.1867281 | AU237: 0.9539331 | AV237: 0.1379451 | AW237: 0.27886514 | AX237: 0.93580611 | AY237: 0.44194798 | AZ237: 0.26016241
A238: CF99005 | B238: 1999 Mazda Protege | C238: car (sedan) | D238: Hybrid III | E238: 1302 | F238: 68.596155 | G238: 35.461002 | H238: 46170.225 | I238: 47.768396 | J238: 10.514112 | K238: 18.620036 | L238: 49.276722 | M238: 43.317231 | N238: 15.054974 | O238: 13.495257 | P238: 45.552536 | Q238: 374.72244 | R238: 69.458705 | S238: 2233.6286 | T238: 2237.4768 | AP238: 1.3896032 | AQ238: 1.2845812 | AU238: 0.9693907 | AV238: 0.21336874 | AW238: 0.37786677 | AX238: 0.95092908 | AY238: 0.33049695 | AZ238: 0.29625699
A239: CF99006 | B239: 1999 Lexus GS400 | C239: car (sedan) | D239: Hybrid III | E239: 1824 | F239: 72.771411 | G239: 93.558319 | H239: 170650.37 | I239: 45.335688 | J239: 21.056457 | K239: 28.407442 | L239: 49.800274 | M239: 42.84468 | N239: 14.751453 | O239: 26.242363 | P239: 45.302974 | Q239: 428.26304 | R239: 3064.7218 | S239: 1603.3412 | T239: 3080.5399 | AP239: 0.53229124 | AQ239: 0.48422176 | AU239: 0.91035017 | AV239: 0.4228181 | AW239: 0.57042742 | AX239: 0.94573659 | AY239: 0.32561776 | AZ239: 0.57926358
A240: CF99007 | B240: 2000 Dodge Neon | C240: car (sedan) | D240: Hybrid III | E240: 1319 | F240: 67.303942 | G240: 33.093425 | H240: 43650.228 | I240: 67.308139 | J240: 15.696981 | K240: 20.514755 | L240: 71.107425 | M240: 50.70488 | N240: 17.022923 | O240: 14.120567 | P240: 50.892226 | Q240: 623.92479 | R240: 244.46805 | S240: 2705.9005 | T240: 2706.0408 | AP240: 2.1486874 | AQ240: 1.537835 | AU240: 0.94656977 | AV240: 0.22075024 | AW240: 0.2885037 | AX240: 0.99631877 | AY240: 0.33448965 | AZ240: 0.2774602
A241: CF99008 | B241: 1999 Kia Sephia | C241: car (sedan) | D241: Hybrid III | E241: 1308 | F241: 69.590066 | G241: 35.069651 | H241: 45871.104 | I241: 117.25928 | J241: 25.67968 | K241: 38.318992 | L241: 124.35603 | M241: 45.979782 | N241: 7.916672 | O241: 11.038961 | P241: 46.803326 | Q241: 776.80043 | R241: 812.65178 | S241: 2348.5938 | T241: 2350.7841 | AP241: 3.5459727 | AQ241: 1.334582 | AU241: 0.94293203 | AV241: 0.20650129 | AW241: 0.30813941 | AX241: 0.98240416 | AY241: 0.16914764 | AZ241: 0.23585847
... A254: cf00025 | B254: 2000 Ford Focus | C254: car (sedan) | D254: Hybrid III | E254: 1350 | F254: 68.9618 | G254: 33.0767 | H254: 44653.545 | I254: 40.225 | J254: 47.3432 | K254: 24.057 | L254: 54.1009 | M254: 38.8565 | N254: 17.5663 | O254: 19.5007 | P254: 40.4754 | Q254: 317.1991 | R254: 325.3951 | S254: 1671.1314 | T254: 1677.4749 | AP254: 1.6356196 | AQ254: 1.2236831 | AU254: 0.74351813 | AV254: 0.8750908 | AW254: 0.44466913 | AX254: 0.96000287 | AY254: 0.43399942 | AZ254: 0.48179141
AO256: average | AP256: =AVERAGE(AP2:AP254) -> 1.522913 | AQ256: =AVERAGE(AQ2:AQ254) -> 1.0481131 | AR256: =AVERAGE(AR2:AR254) -> 1.4118231 | AS256: =AVERAGE(AS2:AS254) -> 1.0674032 | AT256: =AVERAGE(AT2:AT254) -> 1.1510267 | AU256: =AVERAGE(AU2:AU254) -> 0.87579676 | AV256: =AVERAGE(AV2:AV254) -> 0.36791619 | AW256: =AVERAGE(AW2:AW254) -> 0.48197528 | ... BI256: =AVERAGE(BI2:BI254) -> 0.68265524
AO257: st dev | AP257: =_xlfn.STDEV.S(AP2:AP254) -> 1.0703246 | AQ257: =_xlfn.STDEV.S(AQ2:AQ254) -> 0.24290074 | AR257: =_xlfn.STDEV.S(AR2:AR254) -> 0.57749348 | AS257: =_xlfn.STDEV.S(AS2:AS254) -> 0.47594096 | AT257: =_xlfn.STDEV.S(AT2:AT254) -> 0.30057049 | AU257: =_xlfn.STDEV.S(AU2:AU254) -> 0.10104038 | AV257: =_xlfn.STDEV.S(AV2:AV254) -> 0.1774765 | AW257: =_xlfn.STDEV.S(AW2:AW254) -> 0.13690347 | ... BI257: =_xlfn.STDEV.S(BI2:BI254) -> 0.12394925

Sheet SUV
A1: Test ID | B1: Vehicle Info | C1: Vehicle Type | D1: ATD | E1: Vehicle Test Weight (kg) | F1: Vehicle dV (kph) | G1: Vehicle Peak a (g) | H1: Vehicle Peak F (N) | I1: Driver Head Peak a - x (g) | J1: Driver Head Peak a - y (g) | K1: Driver Head Peak a - z (g) | L1: Driver Head Peak a - R (g) | M1: Driver Chest Peak a - x (g) | N1: Driver Chest Peak a - y (g) | O1: Driver Chest Peak a - z (g) | P1: Driver Chest Peak a - R (g) | Q1: Driver Upper Neck Peak F - x (N) | R1: Driver Upper Neck Peak F - z Compression (N) | S1: Driver Upper Neck Peak F - z Tension (N) | T1: Driver Upper Neck Peak F - R (N) | U1: Passenger Head Peak a - x (g) | V1: Passenger Head Peak a - y (g) | W1: Passenger Head Peak a - z (g) | X1: Passenger Head Peak a - R (g) | Y1: Passenger Chest Peak a - x (g) | Z1: Passenger Chest Peak a - y (g) | AA1: Passenger Chest Peak a - z (g) | AB1: Passenger Chest Peak a - R (g) | AC1: Passenger Pelvis Peak a - x (g) | AD1: Passenger Pelvis Peak a - y (g) | AE1: Passenger Pelvis Peak a - z (g) | AF1: Passenger Pelvis Peak a - R (g) | AG1: Passenger Upper Neck Peak F - x (N) | AH1: Passenger Upper Neck Peak F - z Compression (N) | AI1: Passenger Upper Neck Peak F - z Tension (N) | AJ1: Passenger Upper Neck Peak F - R (N) | AK1: Passenger Lumbar Peak F - x (N) | AL1: Passenger Lumbar Peak F - z Compression (N) | AM1: Passenger Lumbar Peak F - z Tension (N) | AN1: Passenger Lumbar Peak F - R (N) | AP1: Resultant Driver Head a / Vehicle Peak a | AQ1: Resultant Driver Chest a / Vehicle Peak a | AR1: Resultant Passenger Head a / Vehicle Peak a | AS1: Resultant Passenger Chest a / Vehicle Peak a | AT1: Resultant Passenger Pelvis a / Vehicle Peak a | AU1: Driver Head a x / Head a r | AV1: Driver Head a y / Head a r | AW1: Driver Head a z / Head a r | AX1: Driver Chest a x / Chest a r | AY1: Driver Chest a y / Chest a r | AZ1: Driver Chest a z / Chest a r | BA1: Passenger Head a x / Head a r | BB1: Passenger Head a y / Head a r | BC1: Passenger Head a z / Head a r | BD1: Passenger Chest a x / Chest a r | BE1: Passenger Chest a y / Chest a r | BF1: Passenger Chest a z / Chest a r | BG1: Passenger Pelvis a x / Pelvis a r | BH1: Passenger Pelvis a y / Pelvis a r | BI1: Passenger Pelvis a z / Pelvis a r
A2: CEF0104 | B2: 2001 Hyundai Santa Fe | C2: SUV | D2: Hybrid III | E2: 1845 | F2: 69.7109 | G2: 41.2371 | H2: 76082.45 | I2: 99.5381 | J2: 14.5851 | K2: 46.3536 | L2: 110.2865 | M2: 56.9783 | N2: 26.2963 | O2: 12.6761 | P2: 59.4511 | Q2: 489.7462 | R2: 946.6205 | S2: 1621.7365 | T2: 1657.0736 | AP2: 2.6744485 | AQ2: 1.4416896 | AU2: 0.90254111 | AV2: 0.13224737 | AW2: 0.42030167 | AX2: 0.95840615 | AY2: 0.44231814 | AZ2: 0.21321893
A3: CEF0105 | B3: 2001 Ford Escape | C3: SUV | D3: Hybrid III | E3: 1652 | F3: 68.3126 | G3: 82.2404 | H3: 135861.14 | I3: 84.9355 | J3: 23.2934 | K3: 31.5172 | L3: 89.1041 | M3: 41.6622 | N3: 17.7547 | O3: 12.2229 | P3: 44.5618 | Q3: 631.357 | R3: 755.6129 | S3: 2266.3536 | T3: 2351.3926 | AP3: 1.083459 | AQ3: 0.54184805 | AU3: 0.95321652 | AV3: 0.26141782 | AW3: 0.35371212 | AX3: 0.93493082 | AY3: 0.3984287 | AZ3: 0.27429098
A4: CEF0106 | B4: 2001 Toyota RAV4 | C4: SUV | D4: Hybrid III | E4: 1512 | F4: 69.8689 | G4: 46.6231 | H4: 70494.127 | I4: 72.731 | J4: 17.7613 | K4: 30.9637 | L4: 72.8052 | M4: 55.9396 | N4: 21.5802 | O4: 23.1638 | P4: 58.3902 | Q4: 507.4753 | R4: 351.839 | S4: 1892.3941 | T4: 1894.5918 | AP4: 1.5615693 | AQ4: 1.2523878 | AU4: 0.99898084 | AV4: 0.24395648 | AW4: 0.42529517 | AX4: 0.95803063 | AY4: 0.36958599 | AZ4: 0.39670698
A5: CEF0113 | B5: 2001 Acura MDX | C5: SUV | D5: Hybrid III | E5: 2095 | F5: 70.703043 | G5: 44.043304 | H5: 92270.722 | I5: 53.01927 | J5: 12.244222 | K5: 11.826501 | L5: 53.802754 | M5: 41.105712 | N5: 17.842732 | O5: 9.85584 | P5: 44.292955 | Q5: 530.33682 | R5: 174.11759 | S5: 1254.1299 | T5: 1254.4323 | AP5: 1.2215876 | AQ5: 1.0056683 | AU5: 0.98543785 | AV5: 0.22757612 | AW5: 0.21981219 | AX5: 0.92804176 | AY5: 0.40283454 | AZ5: 0.22251484
A6: CEF0114 | B6: 2001 Pontiac Aztek | C6: SUV | D6: Hybrid III | E6: 1963 | F6: 72.253291 | G6: 31.017468 | H6: 60887.29 | I6: 96.411408 | J6: 28.837521 | K6: 23.143857 | L6: 97.55269 | M6: 43.839994 | N6: 9.778939 | O6: 17.004198 | P6: 45.736222 | Q6: 366.91648 | R6: 124.82187 | S6: 1908.7567 | T6: 1915.4611 | AP6: 3.1450888 | AQ6: 1.4745311 | AU6: 0.98830087 | AV6: 0.2956097 | AW6: 0.23724468 | AX6: 0.95853991 | AY6: 0.21381169 | AZ6: 0.37178843
A7: CEF0115 | B7: 2001 Mitsubishi Montero Sport | C7: SUV | D7: Hybrid III | E7: 2022 | F7: 68.689885 | G7: 57.181531 | H7: 115621.06 | I7: 60.94832 | J7: 22.677742 | K7: 17.452039 | L7: 61.570664 | M7: 52.980715 | N7: 21.448929 | O7: 10.941457 | P7: 57.663184 | Q7: 356.89953 | R7: 957.87719 | S7: 1823.9503 | T7: 1825.5335 | AP7: 1.0767579 | AQ7: 1.0084232 | AU7: 0.9898922 | AV7: 0.36832057 | AW7: 0.28344731 | AX7: 0.91879621 | AY7: 0.37196921 | AZ7: 0.18974771
A8: CEF0116 | B8: 2001 Suzuki XL-7 | C8: SUV | D8: Hybrid III | E8: 1771 | F8: 71.777684 | G8: 36.887736 | H8: 65328.18 | I8: 50.885017 | J8: 17.738286 | K8: 34.907912 | L8: 54.913204 | M8: 41.556104 | N8: 16.289453 | O8: 15.206706 | P8: 44.55949 | Q8: 674.79147 | R8: 1041.4606 | S8: 2440.2029 | T8: 2531.2782 | AP8: 1.4886575 | AQ8: 1.2079757 | AU8: 0.92664447 | AV8: 0.32302406 | AW8: 0.6356925 | AX8: 0.93259829 | AY8: 0.36556641 | AZ8: 0.34126751
A9: CEF0117 | B9: 2001 Toyota Highlander | C9: SUV | D9: Hybrid III | E9: 1864 | F9: 69.9655 | G9: 58.598444 | H9: 109227.5 | I9: 82.653827 | J9: 22.809464 | K9: 29.757736 | L9: 82.707599 | M9: 44.531203 | N9: 19.11361 | O9: 19.948493 | P9: 47.245958 | Q9: 430.02867 | R9: 399.23945 | S9: 1691.2144 | T9: 1694.1126 | AP9: 1.41143 | AQ9: 0.80626643 | AU9: 0.99934985 | AV9: 0.27578438 | AW9: 0.35979446 | AX9: 0.94253995 | AY9: 0.40455545 | AZ9: 0.42222645
A10: CEF0118 | B10: 2002 Isuzu Axiom | C10: SUV | D10: Hybrid III | E10: 1990 | F10: 69.055933 | G10: 46.405013 | H10: 92345.976 | I10: 69.292231 | J10: 22.137641 | K10: 18.246116 | L10: 73.73486 | M10: 55.093844 | N10: 15.956265 | O10: 14.873672 | P10: 55.456287 | Q10: 533.69528 | R10: 260.20815 | S10: 1923.1975 | T10: 1956.8787 | AP10: 1.5889417 | AQ10: 1.1950495 | AU10: 0.93974859 | AV10: 0.30023304 | AW10: 0.24745576 | AX10: 0.99346435 | AY10: 0.28772689 | AZ10: 0.26820533
A11: CEF0119 | B11: 2002 Chevrolet Trailblazer | C11: SUV | D11: Hybrid III | E11: 2179 | F11: 67.137097 | G11: 36.528723 | H11: 79596.087 | I11: 184.15168 | J11: 58.632131 | K11: 67.979829 | L11: 204.35992 | M11: 52.497162 | N11: 10.405632 | O11: 13.02543 | P11: 53.320089 | Q11: 636.94798 | R11: 1112.5595 | S11: 1913.0824 | T11: 1952.0096 | AP11: 5.5944994 | AQ11: 1.4596757 | AU11: 0.90111448 | AV11: 0.28690622 | AW11: 0.33264756 | AX11: 0.98456629 | AY11: 0.19515406 | AZ11: 0.24428748
A12: CEF0120 | B12: 2002 Buick Rendezvous | C12: SUV | D12: Hybrid III | E12: 2008 | F12: 72.044643 | G12: 37.472629 | H12: 75245.039 | I12: 49.825205 | J12: 5.345132 | K12: 13.949648 | L12: 51.713296 | M12: 44.04493 | N12: 6.675281 | O12: 14.960561 | P12: 45.187929 | Q12: 326.69922 | R12: 303.34185 | S12: 1611.3061 | T12: 1620.4577 | AP12: 1.3800285 | AQ12: 1.2058916 | AU12: 0.96348925 | AV12: 0.10336088 | AW12: 0.26974974 | AX12: 0.97470566 | AY12: 0.14772266 | AZ12: 0.33107428
A13: CEF0121 | B13: 2002 Isuzu Rodeo | C13: SUV | D13: Hybrid III | E13: 1956 | F13: 70.468031 | G13: 55.208341 | H13: 107987.51 | I13: 79.547199 | J13: 14.489012 | K13: 12.465619 | L13: 80.378593 | M13: 50.51813 | N13: 12.910093 | O13: 15.837939 | P13: 52.170038 | Q13: 598.50139 | R13: 1382.1 | S13: 2403.9266 | T13: 2408.5753 | AP13: 1.4559139 | AQ13: 0.94496659 | AU13: 0.98965652 | AV13: 0.18025959 | AW13: 0.15508631 | AX13: 0.96833608 | AY13: 0.24746183 | AZ13: 0.30358305
... A40: CEF0718 | B40: 2007 Nissan Pathfinder | C40: SUV | D40: Hybrid III | E40: 2228 | F40: 68.040957 | G40: 47.307763 | H40: 105401.7 | I40: 50.689877 | J40: 17.521745 | K40: 34.51129 | L40: 60.623249 | M40: 39.268497 | N40: 13.674809 | O40: 11.344434 | P40: 41.697171 | Q40: 701.08795 | R40: 60.606029 | S40: 1396.6276 | T40: 1522.3406 | AP40: 1.2814651 | AQ40: 0.8814023 | AU40: 0.83614583 | AV40: 0.28902682 | AW40: 0.56927483 | AX40: 0.94175447 | AY40: 0.32795532 | AZ40: 0.27206723
A41: CEF0719 | B41: 2007 Chevrolet TrailBlazer | C41: SUV | D41: Hybrid III | E41: 2206 | F41: 70.508377 | G41: 39.215088 | I41: 59.833402 | J41: 10.057422 | K41: 31.198716 | L41: 66.813247 | M41: 47.447152 | N41: 13.821807 | O41: 12.705497 | P41: 48.500226 | Q41: 472.93958 | R41: 371.53953 | S41: 1418.3995 | T41: 1424.4771 | AP41: 1.7037638 | AQ41: 1.2367746 | AU41: 0.89553202 | AV41: 0.15053036 | AW41: 0.46695405 | AX41: 0.97828724 | AY41: 0.28498438 | AZ41: 0.26196779
A42: CEF0720 | B42: 2007 Jeep Grand Cherokee | C42: SUV | D42: Hybrid III | E42: 2160 | F42: 71.186615 | G42: 45.990998 | H42: 99340.556 | I42: 51.094114 | J42: 38.902158 | K42: 30.862794 | L42: 53.449601 | M42: 40.73922 | N42: 12.18675 | O42: 13.79896 | P42: 40.957019 | Q42: 440.97019 | R42: 2740.4889 | S42: 1629.9209 | T42: 2772.5694 | AP42: 1.1621753 | AQ42: 0.89054425 | AU42: 0.95593069 | AV42: 0.72782878 | AW42: 0.5774186 | AX42: 0.99468225 | AY42: 0.29754973 | AZ42: 0.33691319
A43: CEF0722 | B43: 2008 BMW X3 | C43: SUV | D43: Hybrid III | E43: 1940 | F43: 69.594373 | G43: 38.34478 | H43: 74388.873 | I43: 67.607887 | J43: 18.523001 | K43: 26.140204 | L43: 72.638722 | M43: 46.60995 | N43: 16.575007 | O43: 12.057484 | P43: 48.05531 | Q43: 965.00591 | R43: 135.62088 | S43: 1187.047 | T43: 1388.5549 | AP43: 1.8943575 | AQ43: 1.2532426 | AU43: 0.93074169 | AV43: 0.25500175 | AW43: 0.35986597 | AX43: 0.96992299 | AY43: 0.3449152 | AZ43: 0.25090846
A44: CEF0723 | B44: 2008 Jeep Wrangler | C44: SUV | D44: Hybrid III | E44: 2083 | F44: 69.793529 | G44: 25.645811 | H44: 53420.224 | I44: 43.334693 | J44: 9.099427 | K44: 21.984091 | L44: 45.112786 | M44: 39.576769 | N44: 15.911079 | O44: 8.547013 | P44: 40.358507 | Q44: 520.70387 | R44: 148.45553 | S44: 1048.7844 | T44: 1105.1374 | AP44: 1.7590704 | AQ44: 1.5736881 | AU44: 0.96058561 | AV44: 0.20170395 | AW44: 0.48731397 | AX44: 0.98063016 | AY44: 0.3942435 | AZ44: 0.21177723
A45: CEF0724 | B45: 2008 Jeep Liberty | C45: SUV | D45: Hybrid III | E45: 2065 | F45: 70.503936 | G45: 39.684596 | H45: 81948.691 | I45: 50.868435 | J45: 7.779426 | K45: 21.49134 | L45: 54.375739 | M45: 44.742466 | N45: 6.743019 | O45: 8.868053 | P45: 44.834396 | Q45: 972.0935 | R45: 754.91664 | S45: 1066.2517 | T45: 1207.6009 | AP45: 1.3701976 | AQ45: 1.1297682 | AU45: 0.93549873 | AV45: 0.14306796 | AW45: 0.39523766 | AX45: 0.99794957 | AY45: 0.15039835 | AZ45: 0.19779575
A46: CEF0725 | B46: 2008 Mazda CX-7 | C46: SUV | D46: Hybrid III | E46: 1885 | F46: 69.813106 | G46: 35.154612 | H46: 66266.444 | I46: 82.875556 | J46: 29.603473 | K46: 26.416947 | L46: 85.640399 | M46: 60.828977 | N46: 17.892196 | O46: 20.785104 | P46: 65.693515 | Q46: 706.20415 | R46: 952.95352 | S46: 1332.5571 | T46: 1403.5571 | AP46: 2.4361071 | AQ46: 1.8687026 | AU46: 0.96771567 | AV46: 0.34567182 | AW46: 0.30846361 | AX46: 0.92595102 | AY46: 0.27235863 | AZ46: 0.31639507
A47: CEF0726 | B47: 2008 Infiniti EX35 | C47: SUV | D47: Hybrid III | E47: 1896 | F47: 66.846624 | G47: 54.894964 | H47: 104080.85 | I47: 49.73426 | J47: 18.344133 | K47: 25.631872 | L47: 51.784358 | M47: 43.338642 | N47: 16.808112 | O47: 13.476265 | P47: 44.962258 | Q47: 547.36507 | R47: 1435.1299 | S47: 1073.2716 | T47: 1463.6017 | AP47: 0.94333531 | AQ47: 0.8190598 | AU47: 0.96041086 | AV47: 0.35424081 | AW47: 0.49497325 | AX47: 0.96388936 | AY47: 0.37382713 | AZ47: 0.29972394
A48: CEF0727 | B48: 2008 Kia Sorento | C48: SUV | D48: Hybrid III | E48: 2067 | F48: 70.342964 | G48: 48.756852 | H48: 100780.41 | I48: 53.636922 | J48: 15.142576 | K48: 39.074686 | L48: 65.34297 | M48: 37.777118 | N48: 16.524885 | O48: 23.031589 | P48: 42.838057 | Q48: 674.54646 | R48: 80.093031 | S48: 1771.0837 | T48: 1862.1377 | AP48: 1.3401802 | AQ48: 0.87860588 | AU48: 0.82085222 | AV48: 0.23173994 | AW48: 0.59799372 | AX48: 0.88185881 | AY48: 0.38575244 | AZ48: 0.53764318
A49: CEF0801 | B49: 2008 Hummer H3 | C49: SUV | D49: Hybrid III | E49: 2317 | F49: 71.170444 | G49: 38.969272 | H49: 90291.803 | I49: 61.715779 | J49: 12.889921 | K49: 25.596321 | L49: 65.733079 | M49: 45.594143 | N49: 18.309692 | O49: 17.291933 | P49: 51.053092 | Q49: 396.59571 | R49: 94.887607 | S49: 1931.5045 | T49: 1948.126 | AP49: 1.6867926 | AQ49: 1.3100859 | AU49: 0.93888465 | AV49: 0.19609489 | AW49: 0.38939787 | AX49: 0.8930731 | AY49: 0.35864022 | AZ49: 0.33870491
A50: CEF0802 | B50: 2008 Mazda CX-9 | C50: SUV | D50: Hybrid III | E50: 2192 | F50: 69.930379 | G50: 37.730713 | H50: 82705.723 | I50: 89.189406 | J50: 40.645794 | K50: 36.487054 | L50: 98.30844 | M50: 47.225125 | N50: 31.883368 | O50: 27.87648 | P50: 58.365902 | Q50: 2081.2507 | R50: 1144.6995 | S50: 1538.1837 | T50: 2230.6186 | AP50: 2.6055283 | AQ50: 1.5469069 | AU50: 0.90724058 | AV50: 0.41345172 | AW50: 0.37114874 | AX50: 0.80912182 | AY50: 0.54626703 | AZ50: 0.47761585
A51: CEF0808 | B51: 2008 Jeep Patriot | C51: SUV | D51: Hybrid III | E51: 1656 | F51: 70.092733 | G51: 58.653197 | H51: 97129.695 | I51: 73.050511 | J51: 21.751818 | K51: 29.01193 | L51: 78.378944 | M51: 47.345498 | N51: 17.365394 | O51: 17.559057 | P51: 50.391783 | Q51: 658.31406 | R51: 2164.2 | S51: 1483.0679 | T51: 2247.6662 | AP51: 1.3363115 | AQ51: 0.8591481 | AU51: 0.93201703 | AV51: 0.27752119 | AW51: 0.37014954 | AX51: 0.93954798 | AY51: 0.34460766 | AZ51: 0.3484508
A52: CEF0810 | B52: 2008 Suzuki Grand Vitara | C52: SUV | D52: Hybrid III | E52: 1791 | F52: 67.478063 | G52: 45.338842 | H52: 81201.866 | I52: 61.887231 | J52: 10.34211 | K52: 32.284707 | L52: 70.092101 | M52: 52.727912 | N52: 20.27167 | O52: 8.205735 | P52: 55.577467 | Q52: 1045.6803 | R52: 356.11656 | S52: 1352.7102 | T52: 1396.9026 | AP52: 1.5459614 | AQ52: 1.2258246 | AU52: 0.88294159 | AV52: 0.14755029 | AW52: 0.46060407 | AX52: 0.94872824 | AY52: 0.36474621 | AZ52: 0.147645
A53: CEF0812 | B53: 2008 Nissan Rogue | C53: SUV | D53: Hybrid III | E53: 1668 | F53: 72.307012 | G53: 42.231462 | H53: 70442.079 | I53: 72.95632 | J53: 14.799766 | K53: 29.574269 | L53: 73.357265 | M53: 42.159393 | N53: 16.650851 | O53: 12.373135 | P53: 45.013517 | Q53: 953.56047 | R53: 218.15581 | S53: 1348.0373 | T53: 1358.3073 | AP53: 1.7370288 | AQ53: 1.0658763 | AU53: 0.99453434 | AV53: 0.20174916 | AW53: 0.40315392 | AX53: 0.93659408 | AY53: 0.3699078 | AZ53: 0.27487598
... A66: CEF1206 (Driver) | B66: 2013 Ford Escape | C66: SUV | D66: Hybrid III | E66: 1791 | F66: 69.638934 | G66: 36.98994 | H66: 66248.982 | I66: 47.918619 | J66: 20.494719 | K66: 23.660537 | L66: 54.883727 | M66: 30.199087 | N66: 11.781684 | O66: 17.097448 | P66: 35.614543 | Q66: 961.20225 | R66: 263.60489 | S66: 1097.1662 | T66: 1430.4573 | AP66: 1.4837474 | AQ66: 0.96281701 | AU66: 0.87309339 | AV66: 0.3734207 | AW66: 0.43110296 | AX66: 0.84794255 | AY66: 0.33081104 | AZ66: 0.48006926
A67: CEF1302 (Driver) | B67: 2013 BMW X1 | C67: SUV | D67: Hybrid III | E67: 1845 | F67: 69.787627 | G67: 57.211433 | I67: 47.947416 | J67: 22.254158 | K67: 21.384197 | L67: 53.709993 | M67: 43.969269 | N67: 15.984555 | O67: 12.640705 | P67: 48.241899 | Q67: 1102.9602 | R67: 173.05851 | S67: 926.62757 | T67: 1423.5156 | AP67: 0.93879824 | AQ67: 0.84322131 | AU67: 0.89270942 | AV67: 0.41433926 | AW67: 0.39814187 | AX67: 0.91143321 | AY67: 0.33134175 | AZ67: 0.26202752
A68: CEF1303 (Driver) | B68: 2013 Buick Encore | C68: SUV | D68: Hybrid III | E68: 1643 | F68: 69.090308 | G68: 43.746588 | H68: 71875.644 | I68: 34.180433 | J68: 26.106318 | K68: 26.458321 | L68: 45.289298 | M68: 34.296716 | N68: 12.138071 | O68: 19.47606 | P68: 37.173147 | Q68: 709.9093 | R68: 146.64654 | S68: 1192.3788 | T68: 1307.2299 | AP68: 1.0352647 | AQ68: 0.84973822 | AU68: 0.75471325 | AV68: 0.57643461 | AW68: 0.58420692 | AX68: 0.92262071 | AY68: 0.32652794 | AZ68: 0.52392818
A69: CEF1305 (Driver) | B69: 2014 Jeep Cherokee | C69: SUV | D69: Hybrid III | E69: 1933 | F69: 61.759759 | G69: 41.180229 | H69: 79601.383 | I69: 44.980805 | J69: 20.210483 | K69: 17.793911 | L69: 48.387852 | M69: 38.767968 | N69: 22.927189 | O69: 23.973795 | P69: 48.307182 | Q69: 554.50116 | R69: 26.054731 | S69: 1604.6049 | T69: 1687.1394 | AP69: 1.1750263 | AQ69: 1.1730674 | AU69: 0.92958879 | AV69: 0.4176768 | AW69: 0.36773509 | AX69: 0.8025301 | AY69: 0.47461242 | AZ69: 0.49627806
A70: CEF1402 (Driver) | B70: 2014 Nissan Rogue | C70: SUV | D70: Hybrid III | E70: 1720 | F70: 62.567084 | G70: 34.554341 | H70: 59433.467 | I70: 55.798316 | J70: 11.160382 | K70: 25.906475 | L70: 61.305316 | M70: 37.090669 | N70: 9.6297062 | O70: 6.8794546 | P70: 38.732323 | Q70: 590.7755 | R70: 121.89171 | S70: 1013.4161 | T70: 1029.9474 | AP70: 1.7741712 | AQ70: 1.1209105 | AU70: 0.91017093 | AV70: 0.18204591 | AW70: 0.42258122 | AX70: 0.95761539 | AY70: 0.24862196 | AZ70: 0.17761534
A71: CEF1501 (Driver) | B71: 2016 Audi Q3 | C71: SUV | D71: Hybrid III | E71: 1777 | F71: 67.20294 | G71: 42.839185 | H71: 76125.232 | I71: 45.898895 | J71: 19.287988 | K71: 31.649574 | L71: 49.13132 | M71: 38.47655 | N71: 16.417534 | O71: 12.830693 | P71: 41.836696 | Q71: 369.86157 | R71: 195.01219 | S71: 1223.2897 | T71: 1224.1652 | AP71: 1.146878 | AQ71: 0.97659878 | AU71: 0.93420847 | AV71: 0.39258029 | AW71: 0.64418326 | AX71: 0.91968423 | AY71: 0.39241947 | AZ71: 0.30668513
A72: CEF1504 (Driver) | B72: 2015 Jeep Renegade | C72: SUV | D72: Hybrid III | E72: 1657 | F72: 69.096231 | G72: 49.242288 | H72: 81594.471 | I72: 59.644031 | J72: 6.169876 | K72: 39.222626 | L72: 68.023179 | M72: 41.059488 | N72: 7.0299606 | O72: 22.133699 | P72: 42.921286 | Q72: 922.60593 | R72: 81.174626 | S72: 1572.6013 | T72: 1637.4216 | AP72: 1.3813976 | AQ72: 0.87163467 | AU72: 0.87681922 | AV72: 0.090702552 | AW72: 0.57660678 | AX72: 0.95662298 | AY72: 0.16378728 | AZ72: 0.51568119
A73: CEF1605 (Driver) | B73: 2016 BMW X1 | C73: SUV | D73: Hybrid III | E73: 1834 | F73: 67.139267 | G73: 44.004018 | H73: 80703.369 | I73: 34.426545 | J73: 31.875422 | K73: 33.053702 | L73: 50.339303 | M73: 39.86702 | N73: 18.200589 | O73: 17.934905 | P73: 42.568718 | Q73: 382.34091 | R73: 103.9267 | S73: 1560.8069 | T73: 1605.7519 | AP73: 1.1439706 | AQ73: 0.96738253 | AU73: 0.68388999 | AV73: 0.63321142 | AW73: 0.6566182 | AX73: 0.93653324 | AY73: 0.42755783 | AZ73: 0.42131654
A74: CEF1608 (Driver) | B74: 2016 Mazda CX-3 | C74: SUV | D74: Hybrid III | E74: 1443 | F74: 67.386815 | G74: 41.359576 | H74: 59681.868 | I74: 38.190954 | J74: 23.638426 | K74: 30.772258 | L74: 50.929105 | M74: 37.968957 | N74: 17.077765 | O74: 16.264173 | P74: 41.522728 | Q74: 475.97054 | R74: 203.59817 | S74: 1497.1824 | T74: 1528.9856 | AP74: 1.231374 | AQ74: 1.0039447 | AU74: 0.74988464 | AV74: 0.46414375 | AW74: 0.60421753 | AX74: 0.91441384 | AY74: 0.41128716 | AZ74: 0.39169327
A75: CEF1609 (Driver) | B75: 2016 Buick Envision | C75: SUV | D75: Hybrid III | E75: 1965 | F75: 69.093428 | G75: 37.245527 | H75: 73187.461 | I75: 37.492927 | J75: 28.079841 | K75: 23.894452 | L75: 43.959878 | M75: 39.032768 | N75: 19.213367 | O75: 11.917238 | P75: 43.15529 | Q75: 757.18389 | R75: 111.63618 | S75: 1575.7043 | T75: 1748.1909 | AP75: 1.1802727 | AQ75: 1.1586704 | AU75: 0.85288969 | AV75: 0.63876067 | AW75: 0.54355137 | AX75: 0.90447238 | AY75: 0.44521465 | AZ75: 0.27614778
A76: CEF1702 (Driver) | B76: 2017 Honda CR-V | C76: SUV | D76: Hybrid III | E76: 1693 | F76: 72.568554 | G76: 61.326153 | H76: 103825.18 | I76: 39.036177 | J76: 29.868991 | K76: 27.833452 | L76: 48.956552 | M76: 38.783672 | N76: 16.340653 | O76: 14.490765 | P76: 43.746891 | Q76: 449.32228 | R76: 120.20399 | S76: 1165.69 | T76: 1182.6295 | AP76: 0.79829812 | AQ76: 0.71334804 | AU76: 0.79736369 | AV76: 0.61011222 | AW76: 0.56853374 | AX76: 0.88654694 | AY76: 0.37352719 | AZ76: 0.33124103
A77: CEF1801 | B77: 2018 Hyundai Kona | C77: SUV | D77: Hybrid III | E77: 1524 | F77: 70.323297 | G77: 43.98069 | H77: 67026.571 | I77: 42.834831 | J77: 24.79732 | K77: 36.33457 | L77: 55.46766 | M77: 42.480175 | N77: 14.481617 | O77: 8.464516 | P77: 44.416525 | Q77: 616.96991 | R77: 284.04151 | S77: 1171.7614 | T77: 1251.3332 | AP77: 1.2611821 | AQ77: 1.0099097 | AU77: 0.77224876 | AV77: 0.44705906 | AW77: 0.65505864 | AX77: 0.95640474 | AY77: 0.3260412 | AZ77: 0.19057132
A78: CEF1802 | B78: 2019 Subaru Ascent | C78: SUV | D78: Hybrid III | E78: 2097 | F78: 71.277299 | G78: 40.796479 | H78: 85550.216 | I78: 34.904197 | J78: 14.891668 | K78: 30.429296 | L78: 47.108716 | M78: 40.046046 | N78: 15.000944 | O78: 13.033487 | P78: 42.935815 | Q78: 570.43451 | R78: 97.184465 | S78: 1263.9651 | T78: 1271.3437 | AP78: 1.154725 | AQ78: 1.0524392 | AU78: 0.74092864 | AV78: 0.31611281 | AW78: 0.64593771 | AX78: 0.9326956 | AY78: 0.34938068 | AZ78: 0.30355746
A79: CEF1901 | B79: 2019 Volvo XC40 | C79: SUV | D79: Hybrid III | E79: 1869 | F79: 69.87368 | G79: 36.343789 | H79: 67926.542 | I79: 34.3359 | J79: 16.598331 | K79: 38.50011 | L79: 53.386304 | M79: 33.702134 | N79: 18.077966 | O79: 16.19211 | P79: 40.475869 | Q79: 370.11924 | R79: 93.003061 | S79: 1054.1956 | T79: 1074.6434 | AP79: 1.4689251 | AQ79: 1.1136942 | AU79: 0.64315933 | AV79: 0.31090991 | AW79: 0.72116081 | AX79: 0.83264758 | AY79: 0.44663565 | AZ79: 0.40004355
... A83: CEF2102 | B83: 2021 Volvo XC40 Recharge | C83: SUV | D83: Hybrid III | E83: 2300 | F83: 70.062221 | G83: 37.807746 | H83: 86957.815 | I83: 37.327062 | J83: 12.496414 | K83: 38.787758 | L83: 52.782344 | M83: 33.601404 | N83: 15.409983 | O83: 18.195654 | P83: 40.437771 | Q83: 385.35097 | R83: 157.51633 | S83: 1148.8976 | T83: 1157.9233 | AP83: 1.3960722 | AQ83: 1.0695631 | AU83: 0.70718842 | AV83: 0.23675368 | AW83: 0.73486237 | AX83: 0.83094105 | AY83: 0.38107894 | AZ83: 0.44996678
A84: CEF2103 | B84: 2021 Buick Encore | C84: SUV | D84: Hybrid III | E84: 1700 | F84: 68.755033 | G84: 39.630569 | H84: 67371.968 | I84: 44.40739 | J84: 27.778528 | K84: 21.76114 | L84: 51.097337 | M84: 34.384344 | N84: 14.345545 | O84: 11.657565 | P84: 38.616103 | Q84: 620.77827 | R84: 121.43989 | S84: 523.16292 | T84: 673.32782 | U84: 52.085528 | V84: 15.659501 | W84: 70.197988 | X84: 77.031872 | Y84: 54.209123 | Z84: 20.01314 | AA84: 10.337108 | AB84: 55.449707 | AC84: 61.671394 | AD84: 16.48207 | AE84: 26.774287 | AF84: 65.220046 | AG84: 1400.1863 | AH84: 1092.3937 | AI84: 2541.5991 | AJ84: 2743.555 | AK84: 1358.713 | AL84: 1428.2944 | AM84: 1474.7639 | AN84: 1936.4768 | AP84: 1.2893415 | AQ84: 0.97440193 | AR84: 1.9437488 | AS84: 1.399165 | AT84: 1.6457005 | AU84: 0.86907445 | AV84: 0.54363945 | AW84: 0.42587621 | AX84: 0.89041466 | AY84: 0.37149127 | AZ84: 0.30188351 | BA84: 0.67615556 | BB84: 0.203286 | BC84: 0.91128498 | BD84: 0.97762685 | BE84: 0.36092418 | BF84: 0.18642313 | BG84: 0.94558955 | BH84: 0.25271478 | BI84: 0.41052235
A85: CEF2104 | B85: 2021 Hyundai Tucson | C85: SUV | D85: Hybrid III | E85: 1737 | F85: 71.15152 | G85: 32.569267 | H85: 56572.818 | I85: 38.952006 | J85: 11.440787 | K85: 21.26981 | L85: 43.657471 | M85: 36.579394 | N85: 17.455052 | O85: 9.6342197 | P85: 37.626391 | Q85: 537.4661 | R85: 48.101019 | S85: 928.88928 | T85: 986.04924 | U85: 63.09121 | V85: 14.376122 | W85: 80.600082 | X85: 91.86332 | Y85: 50.71698 | Z85: 26.421908 | AA85: 12.105919 | AB85: 53.277298 | AC85: 46.618497 | AD85: 23.227722 | AE85: 28.066586 | AF85: 57.702195 | AG85: 1685.9252 | AH85: 444.0053 | AI85: 2965.0055 | AJ85: 3329.3467 | AK85: 1678.4806 | AL85: 1560.6021 | AM85: 880.13486 | AN85: 1702.6516 | AP85: 1.3404499 | AQ85: 1.1552729 | AR85: 2.8205522 | AS85: 1.6358151 | AT85: 1.7716762 | AU85: 0.89221856 | AV85: 0.26205794 | AW85: 0.48719749 | AX85: 0.97217387 | AY85: 0.46390451 | AZ85: 0.25604953 | BA85: 0.68679436 | BB85: 0.1564947 | BC85: 0.87739135 | BD85: 0.95194354 | BE85: 0.49593182 | BF85: 0.22722471 | BG85: 0.8079155 | BH85: 0.40254486 | BI85: 0.48640413
A86: CEF2105 | B86: 2021 Audi Q3 | C86: SUV | D86: Hybrid III | E86: 1961 | F86: 68.695439 | G86: 46.092086 | H86: 90386.581 | I86: 46.938238 | J86: 13.699283 | K86: 30.438245 | L86: 54.370176 | M86: 43.990286 | N86: 13.402465 | O86: 16.778955 | P86: 48.23952 | Q86: 544.95013 | R86: 64.161511 | S86: 1236.9523 | T86: 1322.8623 | U86: 24.108827 | V86: 13.82909 | W86: 65.850638 | X86: 70.617465 | Y86: 36.597601 | Z86: 43.180832 | AA86: 24.404388 | AB86: 56.598343 | AC86: 39.542586 | AD86: 29.762252 | AE86: 45.322911 | AF86: 52.409487 | AG86: 803.37442 | AH86: 192.5906 | AI86: 2360.1278 | AJ86: 2475.2855 | AK86: 1398.3628 | AL86: 3203.1735 | AM86: 1603.8551 | AN86: 3221.7284 | AP86: 1.1795989 | AQ86: 1.0465901 | AR86: 1.5320952 | AS86: 1.2279406 | AT86: 1.1370604 | AU86: 0.86330856 | AV86: 0.25196319 | AW86: 0.55983348 | AX86: 0.91191383 | AY86: 0.27783164 | AZ86: 0.34782592 | BA86: 0.34140034 | BB86: 0.19583101 | BC86: 0.93249789 | BD86: 0.64661965 | BE86: 0.76293456 | BF86: 0.43118556 | BG86: 0.75449289 | BH86: 0.5678791 | BI86: 0.86478447
A87: CEF2106 | B87: 2021 Volkswagen ID.4 | C87: SUV | D87: Hybrid III | E87: 2220 | F87: 69.311039 | G87: 27.998061 | H87: 62155.695 | I87: 46.599623 | J87: 13.615099 | K87: 25.878142 | L87: 49.955233 | M87: 34.371154 | N87: 8.3861086 | O87: 15.012537 | P87: 35.931449 | Q87: 581.56115 | R87: 53.996766 | S87: 930.91883 | T87: 1026.4619 | AP87: 1.7842391 | AQ87: 1.2833549 | AU87: 0.93282766 | AV87: 0.272546 | AW87: 0.51802666 | AX87: 0.95657578 | AY87: 0.23339188 | AZ87: 0.41781051
A88: CEF2107 | B88: 2022 Mitsubishi Eclipse Cross | C88: SUV | D88: Hybrid III | E88: 1765 | F88: 67.397456 | G88: 74.648794 | H88: 131755.12 | I88: 41.122697 | J88: 24.278439 | K88: 27.942534 | L88: 49.077736 | M88: 34.446716 | N88: 14.387674 | O88: 18.246061 | P88: 38.077324 | Q88: 307.33595 | R88: 57.082117 | S88: 1656.9812 | T88: 1673.215 | U88: 61.52632 | V88: 7.458622 | W88: 87.906615 | X88: 97.652282 | Y88: 59.85446 | Z88: 18.043902 | AA88: 20.154309 | AB88: 62.263842 | AC88: 74.323299 | AD88: 21.613119 | AE88: 37.572912 | AF88: 85.272871 | AG88: 1444.7646 | AH88: 48.691276 | AI88: 3278.1271 | AJ88: 3571.0609 | AK88: 1598.5503 | AL88: 2587.9689 | AM88: 1887.1311 | AN88: 2806.3966 | AP88: 0.65744847 | AQ88: 0.51008626 | AR88: 1.3081562 | AS88: 0.83409039 | AT88: 1.1423208 | AU88: 0.83790942 | AV88: 0.49469354 | AW88: 0.56935254 | AX88: 0.90465169 | AY88: 0.37785411 | AZ88: 0.47918443 | BA88: 0.63005512 | BB88: 0.076379393 | BC88: 0.90020032 | BD88: 0.96130367 | BE88: 0.28979744 | BF88: 0.32369203 | BG88: 0.87159373 | BH88: 0.25345832 | BI88: 0.44061976
A89: CEF2108 | B89: 2021 Volvo XC40 | C89: SUV | D89: Hybrid III | E89: 1911 | F89: 66.235402 | G89: 43.516814 | H89: 83160.632 | I89: 35.828558 | J89: 18.313211 | K89: 36.699755 | L89: 49.846053 | M89: 30.627752 | N89: 16.000852 | O89: 20.471402 | P89: 40.086303 | Q89: 386.54847 | R89: 141.76426 | S89: 1229.64 | T89: 1242.5264 | U89: 48.512797 | V89: 12.046736 | W89: 50.590225 | X89: 57.018955 | Y89: 30.525799 | Z89: 29.865467 | AA89: 12.58066 | AB89: 42.626886 | AC89: 31.936684 | AD89: 16.79085 | AE89: 27.234275 | AF89: 41.593608 | AG89: 754.85 | AH89: 368.97981 | AI89: 1815.1075 | AJ89: 1939.9589 | AK89: 1537.7005 | AL89: 2206.8765 | AM89: 935.72278 | AN89: 2248.4893 | AP89: 1.1454435 | AQ89: 0.92116815 | AR89: 1.3102741 | AS89: 0.97954979 | AT89: 0.95580544 | AU89: 0.71878426 | AV89: 0.36739541 | AW89: 0.73626202 | AX89: 0.7640453 | AY89: 0.39916008 | AZ89: 0.5106832 | BA89: 0.85081877 | BB89: 0.211276 | BC89: 0.88725277 | BD89: 0.71611609 | BE89: 0.70062513 | BF89: 0.29513439 | BG89: 0.76782672 | BH89: 0.40368824 | BI89: 0.65477069
A90: CEF2109 | B90: 2021 Mazda CX-5 | C90: SUV | D90: Hybrid III | E90: 1794 | F90: 65.526585 | G90: 41.285093 | H90: 74065.457 | I90: 33.33212 | J90: 11.47357 | K90: 26.26513 | L90: 37.661597 | M90: 35.3234 | N90: 12.379628 | O90: 6.7074972 | P90: 37.859962 | Q90: 711.57932 | R90: 167.69564 | S90: 1123.7706 | T90: 1156.777 | U90: 65.578352 | V90: 26.296034 | W90: 52.247354 | X90: 70.587107 | Y90: 40.012029 | Z90: 36.601621 | AA90: 28.990123 | AB90: 46.081966 | AC90: 37.619329 | AD90: 25.105336 | AE90: 42.497474 | AF90: 48.09407 | AG90: 1576.2365 | AH90: 276.14642 | AI90: 3729.3548 | AJ90: 4043.807 | AK90: 2247.0129 | AL90: 3196.0575 | AM90: 1392.4745 | AN90: 3337.7782 | AP90: 0.91223235 | AQ90: 0.91703709 | AR90: 1.709748 | AS90: 1.116189 | AT90: 1.1649258 | AU90: 0.88504265 | AV90: 0.30464904 | AW90: 0.69739821 | AX90: 0.93300148 | AY90: 0.3269847 | AZ90: 0.17716598 | BA90: 0.9290415 | BB90: 0.3725331 | BC90: 0.74018269 | BD90: 0.86827956 | BE90: 0.79427213 | BF90: 0.62909909 | BG90: 0.78220306 | BH90: 0.52200481 | BI90: 0.8836323
A91: CEF2110 | B91: 2021 Toyota RAV4 | C91: SUV | D91: Hybrid III | E91: 1763 | F91: 69.68129 | G91: 106.462 | H91: 187692.51 | I91: 49.437586 | J91: 18.651175 | K91: 37.079105 | L91: 60.342099 | M91: 42.785946 | N91: 17.53904 | O91: 13.849537 | P91: 46.370793 | Q91: 399.91045 | R91: 209.38524 | S91: 1407.9199 | T91: 1412.5656 | U91: 31.373569 | V91: 15.028206 | W91: 56.149137 | X91: 61.692016 | Y91: 27.188536 | Z91: 28.459286 | AA91: 30.144255 | AB91: 42.149924 | AC91: 37.67484 | AD91: 20.601945 | AE91: 40.098672 | AF91: 44.996956 | AG91: 764.48109 | AH91: 65.183138 | AI91: 2027.1993 | AJ91: 2165.352 | AK91: 1756.4513 | AL91: 2656.2942 | AM91: 2621.4218 | AN91: 3130.6605 | AP91: 0.56679472 | AQ91: 0.43556192 | AR91: 0.57947452 | AS91: 0.3959152 | AT91: 0.42265744 | AU91: 0.81928846 | AV91: 0.30909059 | AW91: 0.61448152 | AX91: 0.92269171 | AY91: 0.37823464 | AZ91: 0.2986694 | BA91: 0.50855153 | BB91: 0.2436005 | BC91: 0.91015241 | BD91: 0.64504353 | BE91: 0.67519187 | BF91: 0.71516748 | BG91: 0.8372753 | BH91: 0.45785198 | BI91: 0.89114189
A92: CEF2111 | B92: 2021 Honda HR-V | C92: SUV | D92: Hybrid III | E92: 1588 | F92: 65.116695 | G92: 50.473663 | H92: 80152.177 | I92: 43.373714 | J92: 26.544012 | K92: 30.648092 | L92: 53.411446 | M92: 36.146909 | N92: 10.628337 | O92: 17.648421 | P92: 38.214875 | Q92: 413.38084 | R92: 135.59252 | S92: 1319.7784 | T92: 1331.268 | U92: 65.584695 | V92: 18.680078 | W92: 68.376738 | X92: 79.364435 | Y92: 44.203356 | Z92: 25.783736 | AA92: 24.340671 | AB92: 45.841773 | AC92: 49.954599 | AD92: 27.100581 | AE92: 33.216266 | AF92: 59.193457 | AG92: 1483.0166 | AH92: 463.29942 | AI92: 3700.0584 | AJ92: 3963.3202 | AK92: 1598.8174 | AL92: 2059.9509 | AM92: 1214.9357 | AN92: 2061.3575 | AP92: 1.0582043 | AQ92: 0.75712506 | AR92: 1.572393 | AS92: 0.90823154 | AT92: 1.1727593 | AU92: 0.81206777 | AV92: 0.49697235 | AW92: 0.57381132 | AX92: 0.94588583 | AY92: 0.27812042 | AZ92: 0.46182073 | BA92: 0.82637387 | BB92: 0.23537089 | BC92: 0.8615539 | BD92: 0.9642593 | BE92: 0.56245068 | BF92: 0.53097142 | BG92: 0.84392095 | BH92: 0.45783069 | BI92: 0.56114759
A93: CEF2112 | B93: 2021 Nissan Rogue | C93: SUV | D93: Hybrid III | E93: 1764 | F93: 68.983391 | G93: 46.69753 | H93: 82374.443 | I93: 40.929302 | J93: 27.598662 | K93: 25.992257 | L93: 47.260016 | M93: 36.728601 | N93: 13.261186 | O93: 15.699611 | P93: 40.735519 | Q93: 442.4956 | R93: 214.59378 | S93: 1178.3033 | T93: 1227.3645 | U93: 31.00339 | V93: 16.003954 | W93: 68.356653 | X93: 75.014127 | Y93: 29.656472 | Z93: 33.506685 | AA93: 22.389529 | AB93: 46.406057 | AC93: 38.796526 | AD93: 25.65365 | AE93: 31.163668 | AF93: 51.557906 | AG93: 1052.47 | AH93: 43.090408 | AI93: 2384.8684 | AJ93: 2591.4664 | AK93: 1691.2219 | AL93: 1557.3947 | AM93: 998.81649 | AN93: 2110.6211 | AP93: 1.0120453 | AQ93: 0.87232707 | AR93: 1.6063832 | AS93: 0.99375828 | AT93: 1.1040821 | AU93: 0.86604501 | AV93: 0.58397488 | AW93: 0.54998408 | AX93: 0.90163576 | AY93: 0.32554357 | AZ93: 0.38540348 | BA93: 0.41330068 | BB93: 0.21334587 | BC93: 0.9112504 | BD93: 0.63906468 | BE93: 0.72203257 | BF93: 0.48246998 | BG93: 0.75248451 | BH93: 0.49756967 | BI93: 0.60444015
A94: CEF2113 | B94: 2021 Subaru Forester | C94: SUV | D94: Hybrid III | E94: 1777 | F94: 66.916497 | G94: 45.602123 | H94: 81034.972 | I94: 29.721082 | J94: 18.903342 | K94: 30.024908 | L94: 45.334016 | M94: 44.970852 | N94: 22.833444 | O94: 9.6604459 | P94: 49.803836 | Q94: 472.83583 | R94: 211.68849 | S94: 1247.4506 | T94: 1247.7604 | U94: 26.392159 | V94: 31.864461 | W94: 53.863477 | X94: 55.36481 | Y94: 30.32985 | Z94: 17.331382 | AA94: 18.735987 | AB94: 34.320271 | AC94: 56.307276 | AD94: 25.143492 | AE94: 46.968619 | AF94: 67.891071 | AG94: 652.64275 | AH94: 65.362259 | AI94: 1931.4557 | AJ94: 1975.5565 | AK94: 1340.0885 | AL94: 2808.4319 | AM94: 2885.6707 | AN94: 3142.3143 | AP94: 0.99412073 | AQ94: 1.0921385 | AR94: 1.2140841 | AS94: 0.75260249 | AT94: 1.48877 | AU94: 0.65560224 | AV94: 0.41697921 | AW94: 0.66230419 | AX94: 0.90295961 | AY94: 0.45846757 | AZ94: 0.19396992 | BA94: 0.47669556 | BB94: 0.57553635 | BC94: 0.9728829 | BD94: 0.8837299 | BE94: 0.50498965 | BF94: 0.54591605 | BG94: 0.82937676 | BH94: 0.3703505 | BI94: 0.69182322
A95: CEF2116 | B95: 2021 Chevrolet Equinox | C95: SUV | D95: Hybrid III | E95: 1764 | F95: 69.220844 | G95: 69.761115 | H95: 123058.61 | I95: 32.816956 | J95: 29.72079 | K95: 21.483221 | L95: 44.75154 | M95: 36.165006 | N95: 16.435833 | O95: 9.0750798 | P95: 40.146997 | Q95: 445.06515 | R95: 139.37612 | S95: 945.64246 | T95: 1033.1189 | U95: 81.802511 | V95: 11.661683 | W95: 97.553358 | X95: 105.02418 | Y95: 58.463706 | Z95: 27.849992 | AA95: 13.073334 | AB95: 62.83081 | AC95: 58.745295 | AD95: 20.158344 | AE95: 34.267231 | AF95: 69.62842 | AG95: 1605.3695 | AH95: 455.73104 | AI95: 4254.3648 | AJ95: 4540.8109 | AK95: 2374.8217 | AL95: 475.95379 | AM95: 2492.5587 | AN95: 2654.8755 | AP95: 0.64149692 | AQ95: 0.57549248 | AR95: 1.5054831 | AS95: 0.90065663 | AT95: 0.99809786 | AU95: 0.73331456 | AV95: 0.66412887 | AW95: 0.48005546 | AX95: 0.90081472 | AY95: 0.40939135 | AZ95: 0.22604629 | BA95: 0.77889215 | BB95: 0.11103808 | BC95: 0.92886567 | BD95: 0.93049422 | BE95: 0.44325375 | BF95: 0.20807203 | BG95: 0.8436971 | BH95: 0.28951317 | BI95: 0.49214432
A96: CEF2117 | B96: 2021 Jeep Compass | C96: SUV | D96: Hybrid III | E96: 1770 | F96: 70.900723 | G96: 92.048147 | H96: 162925.22 | I96: 46.288262 | J96: 28.410069 | K96: 39.951973 | L96: 60.858678 | M96: 39.724214 | N96: 16.718014 | O96: 28.222078 | P96: 50.50726 | Q96: 450.29757 | R96: 214.5715 | S96: 1714.8488 | T96: 1750.7726 | U96: 62.029173 | V96: 21.23733 | W96: 69.358491 | X96: 82.617402 | Y96: 44.748036 | Z96: 37.992978 | AA96: 22.173089 | AB96: 54.259147 | AC96: 57.721476 | AD96: 31.462206 | AE96: 34.983018 | AF96: 64.169541 | AG96: 1620.5466 | AH96: 58.514449 | AI96: 3450.082 | AJ96: 3798.3781 | AK96: 1511.1315 | AL96: 4056.5455 | AM96: 498.52979 | AN96: 4130.4614 | AP96: 0.66116136 | AQ96: 0.54870479 | AR96: 0.89754552 | AS96: 0.58946484 | AT96: 0.69713017 | AU96: 0.76058606 | AV96: 0.46682035 | AW96: 0.65647125 | AX96: 0.78650504 | AY96: 0.3310022 | AZ96: 0.55877271 | BA96: 0.75080034 | BB96: 0.25705638 | BC96: 0.83951431 | BD96: 0.82470954 | BE96: 0.70021333 | BF96: 0.40865164 | BG96: 0.89951519 | BH96: 0.49029813 | BI96: 0.54516547
A97: CEF2118 | B97: 2021 Jeep Renegade | C97: SUV | D97: Hybrid III | E97: 1759 | F97: 65.186479 | G97: 47.40612 | H97: 83387.364 | I97: 48.276838 | J97: 21.732457 | K97: 28.484749 | L97: 54.431894 | M97: 37.627519 | N97: 11.087453 | O97: 19.664926 | P97: 39.586093 | Q97: 567.99516 | R97: 61.687191 | S97: 1428.0411 | T97: 1428.1509 | U97: 122.92705 | V97: 21.36984 | W97: 70.715567 | X97: 124.63875 | Y97: 47.378172 | Z97: 37.960405 | AA97: 12.228736 | AB97: 49.704057 | AC97: 45.695233 | AD97: 26.917104 | AE97: 22.182747 | AF97: 52.06595 | AG97: 1564.1247 | AH97: 624.6971 | AI97: 3429.4267 | AJ97: 3765.8708 | AK97: 1827.0241 | AL97: 1656.6337 | AM97: 1063.097 | AN97: 1843.3759 | AP97: 1.148204 | AQ97: 0.83504183 | AR97: 2.62917 | AS97: 1.0484734 | AT97: 1.098296 | AU97: 0.88692188 | AV97: 0.39925961 | AW97: 0.5233099 | AX97: 0.95052368 | AY97: 0.28008455 | AZ97: 0.4967635 | BA97: 0.98626675 | BB97: 0.17145423 | BC97: 0.56736422 | BD97: 0.95320532 | BE97: 0.76372851 | BF97: 0.24603094 | BG97: 0.87764141 | BH97: 0.51698094 | BI97: 0.42605095
A98: CEF2119 | B98: 2021 Tesla Model Y | C98: SUV | D98: Hybrid III | E98: 2112 | F98: 66.184922 | G98: 64.15018 | H98: 135485.18 | I98: 26.213419 | J98: 11.8075 | K98: 21.682071 | L98: 35.940457 | M98: 29.773695 | N98: 8.4124255 | O98: 12.155193 | P98: 30.972987 | Q98: 384.13268 | R98: 72.040103 | S98: 663.2812 | T98: 703.76802 | AP98: 0.56025497 | AQ98: 0.48281995 | AU98: 0.72935685 | AV98: 0.32852949 | AW98: 0.60327754 | AX98: 0.96127941 | AY98: 0.27160524 | AZ98: 0.39244496
A99: CEF2201 | B99: 2022 Volkswagen Atlas | C99: SUV | D99: Hybrid III | E99: 2307 | F99: 66.132135 | G99: 46.12056 | H99: 106400.13 | I99: 43.894956 | J99: 14.242003 | K99: 31.587524 | L99: 52.924551 | M99: 42.730185 | N99: 16.682092 | O99: 11.967338 | P99: 45.405957 | Q99: 465.43799 | R99: 98.166442 | S99: 1573.5408 | T99: 1573.71 | U99: 47.186621 | V99: 7.4877006 | W99: 64.718534 | X99: 72.870916 | Y99: 42.680904 | Z99: 14.22827 | AA99: 9.3926647 | AB99: 43.449092 | AC99: 55.054256 | AD99: 12.131619 | AE99: 23.315806 | AF99: 56.320815 | AG99: 1211.3377 | AH99: 419.58237 | AI99: 2405.9285 | AJ99: 2645.1293 | AK99: 1480.1169 | AL99: 1000.6969 | AM99: 1751.3329 | AN99: 1889.7943 | AP99: 1.1475262 | AQ99: 0.98450577 | AR99: 1.5800093 | AS99: 0.94207643 | AT99: 1.221165 | AU99: 0.82938741 | AV99: 0.26910011 | AW99: 0.59684067 | AX99: 0.94107001 | AY99: 0.36739876 | AZ99: 0.26356318 | BA99: 0.6475371 | BB99: 0.10275294 | BC99: 0.88812571 | BD99: 0.98231982 | BE99: 0.3274699 | BF99: 0.21617632 | BG99: 0.9775117 | BH99: 0.21540204 | BI99: 0.41398204
A100: CEF2202 | B100: 2021 Nissan Murano | C100: SUV | D100: Hybrid III | E100: 2033 | F100: 71.600106 | G100: 44.334891 | H100: 90132.834 | I100: 32.915987 | J100: 33.881263 | K100: 27.326503 | L100: 46.22292 | M100: 33.65147 | N100: 12.19315 | O100: 15.9419 | P100: 36.034079 | Q100: 400.50719 | R100: 583.17584 | S100: 1038.0127 | T100: 1039.1449 | U100: 35.905428 | V100: 10.293003 | W100: 79.428589 | X100: 86.650447 | Y100: 31.213209 | Z100: 24.973902 | AA100: 20.009305 | AB100: 42.551962 | AC100: 37.456771 | AD100: 19.542501 | AE100: 25.129179 | AF100: 47.281149 | AG100: 1217.5143 | AH100: 290.91689 | AI100: 2954.7336 | AJ100: 3192.9526 | AK100: 2906.3149 | AL100: 317.51339 | AM100: 1659.9754 | AN100: 3284.0109 | AP100: 1.0425856 | AQ100: 0.81277021 | AR100: 1.9544527 | AS100: 0.95978497 | AT100: 1.0664546 | AU100: 0.71211396 | AV100: 0.73299702 | AW100: 0.59118946 | AX100: 0.93387902 | AY100: 0.33837828 | AZ100: 0.44241176 | BA100: 0.41437095 | BB100: 0.11878765 | BC100: 0.91665527 | BD100: 0.73353159 | BE100: 0.58690364 | BF100: 0.47023226 | BG100: 0.79221363 | BH100: 0.41332543 | BI100: 0.53148411
A101: CEF2203 | B101: 2022 Toyota Highlander | C101: SUV | D101: Hybrid III | E101: 2178 | F101: 66.654607 | G101: 70.168431 | H101: 152826.84 | I101: 33.941775 | J101: 14.621323 | K101: 25.713906 | L101: 40.163195 | M101: 36.525844 | N101: 16.308056 | O101: 9.2918248 | P101: 40.577219 | Q101: 461.89715 | R101: 128.36218 | S101: 1002.6463 | T101: 1070.4072 | U101: 30.211239 | V101: 16.694783 | W101: 56.436657 | X101: 65.507888 | Y101: 35.095335 | Z101: 35.452393 | AA101: 16.627963 | AB101: 45.235724 | AC101: 25.041161 | AD101: 23.344975 | AE101: 37.672683 | AF101: 44.447791 | AG101: 928.69699 | AH101: 169.98242 | AI101: 2256.8571 | AJ101: 2438.8612 | AK101: 920.0758 | AL101: 2053.8331 | AM101: 1253.9445 | AN101: 2090.0865 | AP101: 0.57238269 | AQ101: 0.57828312 | AR101: 0.93358063 | AS101: 0.64467344 | AT101: 0.63344428 | AU101: 0.84509648 | AV101: 0.3640478 | AW101: 0.64023557 | AX101: 0.9001564 | AY101: 0.40190177 | AZ101: 0.22899117 | BA101: 0.46118475 | BB101: 0.2548515 | BC101: 0.86152459 | BD101: 0.77583229 | BE101: 0.78372555 | BF101: 0.36758476 | BG101: 0.5633837 | BH101: 0.52522239 | BI101: 0.84757154
A102: CEF2204 | B102: 2021 Jeep Wrangler | C102: SUV | D102: Hybrid III | E102: 2285 | F102: 64.735566 | G102: 37.162876 | H102: 84917.172 | I102: 44.404743 | J102: 12.527131 | K102: 22.711928 | L102: 44.984531 | M102: 31.307532 | N102: 20.923212 | O102: 10.239407 | P102: 33.206027 | Q102: 319.4375 | R102: 58.000737 | S102: 1105.5621 | T102: 1105.5623 | U102: 51.231901 | V102: 8.3806672 | W102: 56.569955 | X102: 63.282429 | Y102: 51.456329 | Z102: 22.856393 | AA102: 23.1106 | AB102: 54.388474 | AC102: 48.404007 | AD102: 24.065968 | AE102: 41.361169 | AF102: 59.142173 | AG102: 1198.3696 | AH102: 211.37264 | AI102: 2674.1304 | AJ102: 2926.8829 | AK102: 1934.7088 | AL102: 2344.2431 | AM102: 2362.4726 | AN102: 2673.4327 | AP102: 1.2104696 | AQ102: 0.89352684 | AR102: 1.7028399 | AS102: 1.4635163 | AT102: 1.5914315 | AU102: 0.9871114 | AV102: 0.27847641 | AW102: 0.50488308 | AX102: 0.94282678 | AY102: 0.63010283 | AZ102: 0.30835988 | BA102: 0.80957545 | BB102: 0.13243277 | BC102: 0.89392832 | BD102: 0.94608886 | BE102: 0.42024332 | BF102: 0.42491724 | BG102: 0.81843471 | BH102: 0.40691722 | BI102: 0.69935154
A103: CEF2205 | B103: 2022 Honda Pilot | C103: SUV | D103: Hybrid III | E103: 2119 | F103: 66.605475 | G103: 39.438906 | H103: 83571.042 | I103: 32.303714 | J103: 14.815798 | K103: 20.807655 | L103: 39.586511 | M103: 34.478094 | N103: 9.4309154 | O103: 13.968424 | P103: 37.541281 | Q103: 505.80878 | R103: 26.734537 | S103: 1090.3188 | T103: 1170.8188 | U103: 63.610787 | V103: 11.385478 | W103: 71.471042 | X103: 81.2819 | Y103: 46.293668 | Z103: 27.59879 | AA103: 8.3569047 | AB103: 50.636413 | AC103: 34.095975 | AD103: 22.755944 | AE103: 33.36128 | AF103: 45.495251 | AG103: 1550.561 | AH103: 201.00029 | AI103: 3327.1471 | AJ103: 3668.981 | AK103: 2440.6288 | AL103: 1030.7403 | AM103: 1191.2327 | AN103: 2709.7174 | AP103: 1.0037426 | AQ103: 0.95188443 | AR103: 2.0609573 | AS103: 1.2839203 | AT103: 1.1535627 | AU103: 0.81602833 | AV103: 0.3742638 | AW103: 0.52562488 | AX103: 0.91840484 | AY103: 0.25121454 | AZ103: 0.37208172 | BA103: 0.78259472 | BB103: 0.14007396 | BC103: 0.87929836 | BD103: 0.91423673 | BE103: 0.54503842 | BF103: 0.16503746 | BG103: 0.7494403 | BH103: 0.50018284 | BI103: 0.73329147
A104: CEF2206 | B104: 2022 Chevrolet Traverse | C104: SUV | D104: Hybrid III | E104: 2281 | F104: 68.642181 | G104: 37.132476 | H104: 84699.178 | I104: 44.691925 | J104: 68.900733 | K104: 36.448727 | L104: 81.383396 | M104: 31.691511 | N104: 12.061496 | O104: 27.765118 | P104: 40.675121 | Q104: 828.0094 | R104: 407.60489 | S104: 1579.0163 | T104: 1625.039 | U104: 55.210867 | V104: 18.241044 | W104: 73.287643 | X104: 80.145277 | Y104: 44.518282 | Z104: 21.861655 | AA104: 7.2760346 | AB104: 47.601814 | AC104: 46.455631 | AD104: 14.454506 | AE104: 26.414683 | AF104: 50.521613 | AG104: 1245.7478 | AH104: 227.09971 | AI104: 2645.0825 | AJ104: 2868.9196 | AK104: 1263.3123 | AL104: 430.63662 | AM104: 1606.1868 | AN104: 1754.4442 | AP104: 2.191704 | AQ104: 1.0954056 | AR104: 2.1583607 | AS104: 1.2819456 | AT104: 1.3605775 | AU104: 0.54915286 | AV104: 0.84661904 | AW104: 0.44786441 | AX104: 0.77913749 | AY104: 0.29653251 | AZ104: 0.68260689 | BA104: 0.68888484 | BB104: 0.22759974 | BC104: 0.91443496 | BD104: 0.9352224 | BE104: 0.45926097 | BF104: 0.15285205 | BG104: 0.91951997 | BH104: 0.28610539 | BI104: 0.52283926
A105: CEF2207 | B105: 2022 Ford Explorer | C105: SUV | D105: Hybrid III | E105: 2191 | F105: 70.048231 | G105: 37.389884 | H105: 81921.236 | I105: 36.427471 | J105: 13.722317 | K105: 26.712209 | L105: 41.17507 | M105: 28.689683 | N105: 15.331132 | O105: 17.70997 | P105: 33.930022 | Q105: 499.05336 | R105: 111.82083 | S105: 985.6473 | T105: 1052.3272 | U105: 19.562135 | V105: 16.499947 | W105: 60.525467 | X105: 62.691192 | Y105: 28.585222 | Z105: 19.390134 | AA105: 20.910786 | AB105: 36.921696 | AC105: 28.696207 | AD105: 14.275991 | AE105: 31.357592 | AF105: 43.593123 | AG105: 660.99268 | AH105: 31.597978 | AI105: 2093.5924 | AJ105: 2165.0275 | AK105: 1941.9509 | AL105: 1389.3219 | AM105: 2561.1216 | AN105: 3178.6055 | AP105: 1.1012356 | AQ105: 0.90746529 | AR105: 1.6766886 | AS105: 0.98747822 | AT105: 1.1659069 | AU105: 0.88469725 | AV105: 0.3332676 | AW105: 0.64874714 | AX105: 0.8455545 | AY105: 0.45184563 | AZ105: 0.52195574 | BA105: 0.31203961 | BB105: 0.26319402 | BC105: 0.96545409 | BD105: 0.77421206 | BE105: 0.5251691 | BF105: 0.56635496 | BG105: 0.6582737 | BH105: 0.32748264 | BI105: 0.71932427
A106: CEF2208 | B106: 2022 Subaru Ascent | C106: SUV | D106: Hybrid III | E106: 2181 | F106: 69.162818 | G106: 39.357817 | H106: 85839.4 | I106: 35.936892 | J106: 16.138229 | K106: 34.965378 | L106: 44.884391 | M106: 39.45491 | N106: 13.684253 | O106: 13.484119 | P106: 42.159616 | Q106: 460.34773 | R106: 73.775081 | S106: 1475.7742 | T106: 1477.4395 | U106: 23.246524 | V106: 15.191675 | W106: 59.863246 | X106: 63.514384 | Y106: 30.014633 | Z106: 22.409886 | AA106: 17.717854 | AB106: 39.663443 | AC106: 43.576445 | AD106: 31.589062 | AE106: 41.687488 | AF106: 67.786207 | AG106: 798.11067 | AH106: 434.474 | AI106: 2149.1681 | AJ106: 2250.2954 | AK106: 1264.8738 | AL106: 3055.4009 | AM106: 2549.1461 | AN106: 3058.6119 | AP106: 1.1404187 | AQ106: 1.0711878 | AR106: 1.6137679 | AS106: 1.0077653 | AT106: 1.7223061 | AU106: 0.80065454 | AV106: 0.35955102 | AW106: 0.77900974 | AX106: 0.93584606 | AY106: 0.32458201 | AZ106: 0.31983496 | BA106: 0.36600409 | BB106: 0.2391848 | BC106: 0.94251478 | BD106: 0.75673292 | BE106: 0.56500103 | BF106: 0.4467049 | BG106: 0.64285121 | BH106: 0.46601017 | BI106: 0.61498482
A107: CEF2209 | B107: 2021 Mazda CX-9 | C107: SUV | D107: Hybrid III | E107: 2133 | F107: 66.574537 | G107: 36.070881 | H107: 76939.19 | I107: 30.03071 | J107: 12.735597 | K107: 25.318698 | L107: 39.021368 | M107: 34.321646 | N107: 9.7662307 | O107: 9.4827897 | P107: 36.322062 | Q107: 542.83664 | R107: 43.234514 | S107: 1057.3508 | T107: 1057.7267 | U107: 57.221753 | V107: 13.83329 | W107: 74.484663 | X107: 85.335362 | Y107: 40.110427 | Z107: 29.248996 | AA107: 17.03578 | AB107: 44.979363 | AC107: 35.124326 | AD107: 15.169811 | AE107: 32.574846 | AF107: 49.06798 | AG107: 1461.8731 | AH107: 429.05369 | AI107: 3054.2623 | AJ107: 3372.8941 | AK107: 1776.0723 | AL107: 2713.7391 | AM107: 757.06477 | AN107: 2827.6898 | AP107: 1.0817969 | AQ107: 1.0069635 | AR107: 2.3657687 | AS107: 1.2469715 | AT107: 1.3603211 | AU107: 0.76959655 | AV107: 0.32637495 | AW107: 0.6488419 | AX107: 0.94492559 | AY107: 0.26887875 | AZ107: 0.26107521 | BA107: 0.67055147 | BB107: 0.16210502 | BC107: 0.87284639 | BD107: 0.89175178 | BE107: 0.65027592 | BF107: 0.37874658 | BG107: 0.71582987 | BH107: 0.30915907 | BI107: 0.66387176
A108: CEF2211 | B108: 2022 Hyundai Palisade | C108: SUV | D108: Hybrid III | E108: 2204 | F108: 69.251688 | G108: 41.304912 | H108: 91036.025 | I108: 37.686952 | J108: 5.4391809 | K108: 27.190981 | L108: 46.343918 | M108: 31.837132 | N108: 12.373721 | O108: 15.120814 | P108: 34.98411 | Q108: 454.70102 | R108: 100.28241 | S108: 1018.1068 | T108: 1043.2827 | U108: 62.07727 | V108: 14.101618 | W108: 64.37363 | X108: 81.080942 | Y108: 37.623305 | Z108: 23.814437 | AA108: 9.7328681 | AB108: 42.107262 | AC108: 29.707513 | AD108: 20.303292 | AE108: 24.280625 | AF108: 39.602163 | AG108: 1345.5866 | AH108: 471.33778 | AI108: 3551.6366 | AJ108: 3797.735 | AK108: 1660.4312 | AL108: 1076.5668 | AM108: 736.78278 | AN108: 1727.7728 | AP108: 1.1219953 | AQ108: 0.84697216 | AR108: 1.9629855 | AS108: 1.0194251 | AT108: 0.95877613 | AU108: 0.81320167 | AV108: 0.11736558 | AW108: 0.58672166 | AX108: 0.9100455 | AY108: 0.35369546 | AZ108: 0.4322195 | BA108: 0.76562097 | BB108: 0.17392026 | BC108: 0.79394279 | BD108: 0.89351107 | BE108: 0.56556602 | BF108: 0.23114464 | BG108: 0.75014875 | BH108: 0.5126814 | BI108: 0.61311359
A109: CEF2213 | B109: 2021 Ford Mustang Mach-E | C109: SUV | D109: Hybrid III | E109: 2258 | F109: 64.691094 | G109: 26.07512 | H109: 58877.621 | I109: 31.092874 | J109: 7.7980279 | K109: 26.450598 | L109: 38.086334 | M109: 26.270153 | N109: 8.2558326 | O109: 16.21896 | P109: 28.644263 | Q109: 594.85111 | R109: 109.86045 | S109: 855.14851 | T109: 869.04934 | U109: 30.756665 | V109: 7.9660601 | W109: 34.046101 | X109: 39.54135 | Y109: 22.159108 | Z109: 18.121227 | AA109: 11.603767 | AB109: 28.858352 | AC109: 25.884285 | AD109: 17.851265 | AE109: 20.485702 | AF109: 36.484302 | AG109: 633.63368 | AH109: 408.37289 | AI109: 1224.7073 | AJ109: 1376.093 | AK109: 629.07312 | AL109: 1869.1944 | AM109: 387.01266 | AN109: 1931.6091 | AP109: 1.4606389 | AQ109: 1.0985285 | AR109: 1.5164398 | AS109: 1.106739 | AT109: 1.3991998 | AU109: 0.81637875 | AV109: 0.20474609 | AW109: 0.69449052 | AX109: 0.91711745 | AY109: 0.28821941 | AZ109: 0.5662202 | BA109: 0.77783548 | BB109: 0.20146151 | BC109: 0.86102526 | BD109: 0.76785772 | BE109: 0.62793701 | BF109: 0.40209388 | BG109: 0.70946363 | BH109: 0.48928617 | BI109: 0.5614936
A110: CEF2214 | B110: 2022 Jeep Grand Cherokee | C110: SUV | D110: Hybrid III | E110: 2376 | F110: 66.343613 | G110: 34.629887 | H110: 82280.612 | I110: 50.707924 | J110: 16.784027 | K110: 22.363946 | L110: 54.311847 | M110: 35.954491 | N110: 13.660378 | O110: 13.689774 | P110: 37.494775 | Q110: 677.50062 | R110: 63.147136 | S110: 1034.1453 | T110: 1118.6792 | U110: 56.588166 | V110: 16.545906 | W110: 87.68426 | X110: 94.985483 | Y110: 44.076547 | Z110: 22.630155 | AA110: 9.6493191 | AB110: 48.299922 | AC110: 55.928026 | AD110: 19.095569 | AE110: 25.667343 | AF110: 63.863453 | AG110: 1456.9108 | AH110: 41.577325 | AI110: 3201.6632 | AJ110: 3424.8857 | AK110: 1397.0753 | AL110: 1373.8017 | AM110: 1198.4639 | AN110: 1706.86 | AP110: 1.5683518 | AQ110: 1.0827288 | AR110: 2.7428759 | AS110: 1.3947467 | AT110: 1.8441716 | AU110: 0.93364388 | AV110: 0.30903068 | AW110: 0.4117692 | AX110: 0.95892003 | AY110: 0.3643275 | AZ110: 0.36511151 | BA110: 0.59575594 | BB110: 0.17419405 | BC110: 0.92313327 | BD110: 0.91255938 | BE110: 0.46853397 | BF110: 0.19977919 | BG110: 0.87574384 | BH110: 0.29900621 | BI110: 0.40190973
A111: CEF2226 | B111: 2022 Ford Escape | C111: SUV | D111: Hybrid III | E111: 1768 | F111: 68.699356 | G111: 38.498792 | H111: 68065.864 | I111: 28.492367 | J111: 18.707142 | K111: 28.523877 | L111: 38.75927 | M111: 35.535415 | N111: 7.8689293 | O111: 13.041153 | P111: 38.550776 | Q111: 526.0886 | R111: 73.377523 | S111: 765.43888 | T111: 781.91884 | U111: 29.691549 | V111: 8.3674244 | W111: 49.82551 | X111: 53.932026 | Y111: 31.222141 | Z111: 23.764024 | AA111: 13.587188 | AB111: 39.36282 | AC111: 34.019509 | AD111: 19.905184 | AE111: 36.633631 | AF111: 48.947457 | AG111: 702.60543 | AH111: 296.32007 | AI111: 1781.5369 | AJ111: 1899.7805 | AK111: 1497.6605 | AL111: 1259.1445 | AM111: 2576.1425 | AN111: 2973.8382 | AP111: 1.0067659 | AQ111: 1.0013503 | AR111: 1.4008758 | AS111: 1.022443 | AT111: 1.2714024 | AU111: 0.73511104 | AV111: 0.48264949 | AW111: 0.73592399 | AX111: 0.92178209 | AY111: 0.20411857 | AZ111: 0.3382851 | BA111: 0.55053651 | BB111: 0.1551476 | BC111: 0.92385756 | BD111: 0.79318863 | BE111: 0.60371751 | BF111: 0.34517821 | BG111: 0.69502097 | BH111: 0.40666431 | BI111: 0.74842766
A112: CEF2229 | B112: 2022 Rivian R1S | C112: SUV | D112: Hybrid III | E112: 3273 | F112: 66.142191 | G112: 54.607294 | H112: 178729.67 | I112: 50.918892 | J112: 13.342175 | K112: 22.764628 | L112: 52.632609 | M112: 35.235561 | N112: 7.6040601 | O112: 13.76334 | P112: 37.835215 | Q112: 312.32488 | R112: 62.259029 | S112: 1292.1078 | T112: 1315.358 | AP112: 0.96383844 | AQ112: 0.69286009 | AU112: 0.96744001 | AV112: 0.25349636 | AW112: 0.43251947 | AX112: 0.9312901 | AY112: 0.20097838 | AZ112: 0.36377064
A113: CEF2230 | B113: 2022 Tesla Model Y | C113: SUV | D113: Hybrid III | E113: 2190 | F113: 67.682328 | G113: 29.503805 | H113: 64613.333 | I113: 28.265597 | J113: 16.225772 | K113: 17.569243 | L113: 32.764067 | M113: 26.897099 | N113: 10.686729 | O113: 8.1837528 | P113: 28.7718 | Q113: 312.44141 | R113: 72.132121 | S113: 736.33761 | T113: 740.00085 | U113: 30.528876 | V113: 6.8462305 | W113: 35.680474 | X113: 38.261332 | Y113: 24.198406 | Z113: 12.590542 | AA113: 11.70634 | AB113: 27.958584 | AC113: 25.164635 | AD113: 8.8271453 | AE113: 18.713765 | AF113: 30.509195 | AG113: 491.39089 | AH113: 161.41614 | AI113: 1245.5411 | AJ113: 1307.161 | AK113: 1508.2948 | AL113: 1416.6487 | AM113: 1363.1858 | AN113: 1971.7017 | AP113: 1.1105031 | AQ113: 0.97518948 | AR113: 1.296827 | AS113: 0.94762638 | AT113: 1.0340766 | AU113: 0.8627011 | AV113: 0.4952307 | AW113: 0.53623511 | AX113: 0.93484241 | AY113: 0.37143066 | AZ113: 0.28443659 | BA113: 0.79790416 | BB113: 0.17893341 | BC113: 0.93254657 | BD113: 0.86550899 | BE113: 0.45032832 | BF113: 0.41870291 | BG113: 0.82482134 | BH113: 0.28932738 | BI113: 0.61338115
A114: CEF2301 | B114: 2023 Subaru Solterra | C114: SUV | D114: Hybrid III | E114: 2089 | F114: 64.88046 | G114: 40.986106 | H114: 85619.976 | I114: 34.66388 | J114: 10.875156 | K114: 32.97361 | L114: 45.902055 | M114: 31.054758 | N114: 10.049974 | O114: 17.489642 | P114: 35.681226 | Q114: 383.45939 | R114: 47.337514 | S114: 1312.6813 | T114: 1312.7289 | AP114: 1.1199418 | AQ114: 0.87056882 | AU114: 0.75517055 | AV114: 0.23692089 | AW114: 0.71834713 | AX114: 0.87033888 | AY114: 0.28166 | AZ114: 0.4901637
A115: CEF2314 | B115: 2023 Rivian R1S | C115: SUV | D115: Hybrid III | E115: 3309 | F115: 68.842642 | G115: 65.039213 | H115: 215214.76 | I115: 48.882627 | J115: 6.8898159 | K115: 23.441721 | L115: 50.643819 | M115: 34.152486 | N115: 7.6953056 | O115: 13.907964 | P115: 34.477555 | Q115: 364.51201 | R115: 61.660899 | S115: 1201.8366 | T115: 1204.08 | U115: 38.902685 | V115: 16.417124 | W115: 43.635706 | X115: 54.632686 | Y115: 30.529952 | Z115: 15.641228 | AA115: 16.591474 | AB115: 34.348399 | AC115: 28.997924 | AD115: 16.917886 | AE115: 37.445981 | AF115: 48.614803 | AG115: 958.84428 | AH115: 119.01225 | AI115: 1980.08 | AJ115: 2158.1252 | AK115: 2046.4599 | AL115: 1078.9941 | AM115: 1889.3656 | AN115: 2310.8919 | AP115: 0.77866592 | AQ115: 0.53010412 | AR115: 0.83999611 | AS115: 0.52811831 | AT115: 0.74746911 | AU115: 0.96522396 | AV115: 0.13604456 | AW115: 0.46287428 | AX115: 0.99057159 | AY115: 0.22319754 | AZ115: 0.40339183 | BA115: 0.71207711 | BB115: 0.30050004 | BC115: 0.79871062 | BD115: 0.88883186 | BE115: 0.45536993 | BF115: 0.48303484 | BG115: 0.59648342 | BH115: 0.34799865 | BI115: 0.77025882
A116: CEF2321 | B116: 2023 Honda Pilot | C116: SUV | D116: Hybrid III | E116: 2204 | F116: 67.97543 | G116: 63.510146 | H116: 139976.36 | I116: 41.026454 | J116: 15.353625 | K116: 14.835368 | L116: 42.392765 | M116: 31.618408 | N116: 12.880834 | O116: 9.1630955 | P116: 33.354469 | Q116: 574.36158 | R116: 53.993346 | S116: 789.55211 | T116: 945.17417 | U116: 18.870252 | V116: 10.253896 | W116: 58.962256 | X116: 62.453221 | Y116: 28.152931 | Z116: 20.383312 | AA116: 26.84964 | AB116: 37.837072 | AC116: 28.097135 | AD116: 17.366659 | AE116: 33.218543 | AF116: 45.20729 | AG116: 649.73588 | AH116: 45.378571 | AI116: 2055.5094 | AJ116: 2154.3369 | AK116: 1840.53 | AL116: 1420.2863 | AM116: 4141.1271 | AN116: 4530.2873 | AP116: 0.66749594 | AQ116: 0.52518332 | AR116: 0.98335817 | AS116: 0.5957642 | AT116: 0.7118121 | AU116: 0.9677702 | AV116: 0.3621756 | AW116: 0.34995048 | AX116: 0.94795118 | AY116: 0.38618014 | AZ116: 0.27471867 | BA116: 0.30215018 | BB116: 0.16418522 | BC116: 0.94410273 | BD116: 0.7440568 | BE116: 0.53871272 | BF116: 0.70961199 | BG116: 0.62151778 | BH116: 0.38415616 | BI116: 0.73480499
A117: CEF2322 | B117: 2023 Acura MDX | C117: SUV | D117: Hybrid III | E117: 2237 | F117: 66.005574 | G117: 47.782504 | H117: 106889.46 | I117: 33.226235 | J117: 17.431442 | K117: 18.043263 | L117: 38.541641 | M117: 31.365099 | N117: 10.152327 | O117: 9.908401 | P117: 33.237629 | Q117: 653.66573 | R117: 32.800041 | S117: 881.11505 | T117: 998.70378 | U117: 21.104004 | V117: 8.7194165 | W117: 50.251645 | X117: 52.862334 | Y117: 29.179332 | Z117: 18.00347 | AA117: 26.213594 | AB117: 38.229156 | AC117: 28.213248 | AD117: 15.331283 | AE117: 26.807968 | AF117: 39.160045 | AG117: 541.39158 | AH117: 180.12256 | AI117: 1822.353 | AJ117: 1892.4673 | AK117: 1820.7258 | AL117: 1184.8588 | AM117: 3983.6065 | AN117: 4356.9594 | AP117: 0.80660571 | AQ117: 0.6956025 | AR117: 1.1063115 | AS117: 0.80006597 | AT117: 0.81954778 | AU117: 0.86208668 | AV117: 0.45227555 | AW117: 0.46814984 | AX117: 0.94366233 | AY117: 0.30544678 | AZ117: 0.29810793 | BA117: 0.39922573 | BB117: 0.16494573 | BC117: 0.95061342 | BD117: 0.76327431 | BE117: 0.47093559 | BF117: 0.68569638 | BG117: 0.72046005 | BH117: 0.39150319 | BI117: 0.68457449
A118: CEF2323 | B118: 2023 Audi Q5 | C118: SUV | D118: Hybrid III | E118: 2030 | F118: 63.698741 | G118: 44.02545 | H118: 89371.663 | I118: 38.116516 | J118: 11.282125 | K118: 30.75187 | L118: 48.258102 | M118: 40.575732 | N118: 14.519576 | O118: 5.9221754 | P118: 42.516604 | Q118: 442.28327 | R118: 29.734921 | S118: 1266.2024 | T118: 1295.8458 | U118: 31.260163 | V118: 11.266944 | W118: 58.827581 | X118: 62.471539 | Y118: 26.626501 | Z118: 21.751981 | AA118: 19.4889 | AB118: 36.736209 | AC118: 33.602637 | AD118: 21.411954 | AE118: 33.298748 | AF118: 46.419619 | AG118: 688.38127 | AH118: 628.82104 | AI118: 2059.1777 | AJ118: 2147.1513 | AK118: 1279.1061 | AL118: 2169.437 | AM118: 3528.0938 | AN118: 3581.4012 | AP118: 1.096141 | AQ118: 0.96572788 | AR118: 1.418987 | AS118: 0.8344312 | AT118: 1.0543815 | AU118: 0.78984698 | AV118: 0.23378717 | AW118: 0.63723745 | AX118: 0.95435025 | AY118: 0.34150366 | AZ118: 0.13929088 | BA118: 0.50039047 | BB118: 0.18035322 | BC118: 0.9416701 | BD118: 0.72480263 | BE118: 0.59211283 | BF118: 0.53050928 | BG118: 0.72388869 | BH118: 0.46126949 | BI118: 0.71734212
A119: CEF2324 | B119: 2023 BMW X3 | C119: SUV | D119: Hybrid III | E119: 2019 | F119: 65.309672 | G119: 45.55972 | H119: 91985.075 | I119: 42.574382 | J119: 19.894203 | K119: 23.082587 | L119: 48.516746 | M119: 34.672538 | N119: 10.75237 | O119: 10.829933 | P119: 36.582716 | Q119: 503.44814 | R119: 23.775968 | S119: 995.90073 | T119: 1113.2283 | U119: 53.468928 | V119: 8.859857 | W119: 45.144313 | X119: 55.931909 | Y119: 27.269189 | Z119: 15.125274 | AA119: 10.599091 | AB119: 31.771277 | AC119: 33.491253 | AD119: 16.168401 | AE119: 24.722134 | AF119: 41.410094 | AG119: 779.37587 | AH119: 67.397182 | AI119: 1622.5213 | AJ119: 1778.5771 | AK119: 887.14852 | AL119: 1245.7974 | AM119: 1485.5666 | AN119: 1645.8863 | AP119: 1.0649044 | AQ119: 0.80296183 | AR119: 1.2276614 | AS119: 0.69735454 | AT119: 0.90891898 | AU119: 0.87751933 | AV119: 0.41004817 | AW119: 0.47576535 | AX119: 0.94778467 | AY119: 0.2939194 | AZ119: 0.2960396 | BA119: 0.95596467 | BB119: 0.15840434 | BC119: 0.80712984 | BD119: 0.85829691 | BE119: 0.47606756 | BF119: 0.33360608 | BG119: 0.80877027 | BH119: 0.39044589 | BI119: 0.59700743
A120: CEF2325 | B120: 2023 Cadillac XT6 | C120: SUV | D120: Hybrid III | E120: 2295 | F120: 68.186609 | G120: 32.758453 | H120: 75180.65 | I120: 38.583624 | J120: 13.635862 | K120: 30.249204 | L120: 48.440152 | M120: 32.738267 | N120: 9.9681056 | O120: 22.615943 | P120: 38.820112 | Q120: 785.3428 | R120: 45.403551 | S120: 1046.2279 | T120: 1230.5657 | U120: 52.385701 | V120: 11.833598 | W120: 74.639681 | X120: 83.075781 | Y120: 42.087033 | Z120: 21.244996 | AA120: 6.5182424 | AB120: 45.275436 | AC120: 39.008094 | AD120: 15.8495 | AE120: 26.624374 | AF120: 46.32158 | AG120: 1293.2841 | AH120: 78.762493 | AI120: 2667.4423 | AJ120: 2918.7541 | AK120: 1634.7035 | AL120: 831.87195 | AM120: 966.26432 | AN120: 1691.8114 | AP120: 1.4787069 | AQ120: 1.185041 | AR120: 2.5360105 | AS120: 1.3820993 | AT120: 1.4140344 | AU120: 0.79652154 | AV120: 0.28149916 | AW120: 0.62446552 | AX120: 0.84333263 | AY120: 0.25677684 | AZ120: 0.58258316 | BA120: 0.63057728 | BB120: 0.14244342 | BC120: 0.89845296 | BD120: 0.92957765 | BE120: 0.4692389 | BF120: 0.14396863 | BG120: 0.84211494 | BH120: 0.34216233 | BI120: 0.57477258
A121: CEF2326 | B121: 2023 Lincoln Aviator | C121: SUV | D121: Hybrid III | E121: 2501 | F121: 68.555933 | G121: 34.45425 | H121: 86170.079 | I121: 47.707107 | J121: 10.581847 | K121: 31.703437 | L121: 50.177303 | M121: 28.884263 | N121: 10.21907 | O121: 21.341336 | P121: 33.363481 | Q121: 486.105 | R121: 177.80996 | S121: 1311.8943 | T121: 1314.2305 | U121: 26.352736 | V121: 7.1390879 | W121: 48.237101 | X121: 51.248089 | Y121: 29.236937 | Z121: 18.785953 | AA121: 15.20619 | AB121: 34.62927 | AC121: 31.678705 | AD121: 17.433676 | AE121: 26.983073 | AF121: 43.830453 | AG121: 664.94847 | AH121: 360.01984 | AI121: 1695.9778 | AJ121: 1787.6084 | AK121: 1483.6479 | AL121: 1600.6323 | AM121: 1717.5555 | AN121: 2185.904 | AP121: 1.4563458 | AQ121: 0.96834154 | AR121: 1.4874243 | AS121: 1.0050798 | AT121: 1.2721349 | AU121: 0.95077065 | AV121: 0.21088911 | AW121: 0.63182824 | AX121: 0.86574488 | AY121: 0.30629508 | AZ121: 0.63966154 | BA121: 0.5142189 | BB121: 0.13930447 | BC121: 0.94124683 | BD121: 0.84428397 | BE121: 0.5424877 | BF121: 0.4391138 | BG121: 0.72275559 | BH121: 0.39775257 | BI121: 0.61562387
A122: CEF2327 | B122: 2023 Volvo XC60 | C122: SUV | D122: Hybrid III | E122: 2093 | F122: 66.165558 | G122: 39.039173 | H122: 81708.99 | I122: 35.031892 | J122: 14.742358 | K122: 30.556116 | L122: 46.480921 | M122: 38.552519 | N122: 13.062199 | O122: 13.38865 | P122: 41.135214 | Q122: 512.39389 | R122: 268.52972 | S122: 1283.0852 | T122: 1353.7686 | U122: 40.838665 | V122: 8.2365942 | W122: 49.924409 | X122: 56.102864 | Y122: 30.0031 | Z122: 16.536602 | AA122: 11.953832 | AB122: 34.214868 | AC122: 58.063579 | AD122: 15.868064 | AE122: 29.780399 | AF122: 63.783652 | AG122: 824.59495 | AH122: 508.7383 | AI122: 1778.1479 | AJ122: 1956.5043 | AK122: 1466.813 | AL122: 2512.2505 | AM122: 745.38072 | AN122: 2527.1542 | AP122: 1.1906226 | AQ122: 1.0536907 | AR122: 1.4370915 | AS122: 0.87642399 | AT122: 1.6338372 | AU122: 0.75368325 | AV122: 0.31717009 | AW122: 0.65739051 | AX122: 0.93721448 | AY122: 0.317543 | AZ122: 0.32547905 | BA122: 0.72792478 | BB122: 0.14681236 | BC122: 0.88987274 | BD122: 0.87690239 | BE122: 0.48331626 | BF122: 0.34937537 | BG122: 0.91032071 | BH122: 0.24877948 | BI122: 0.46689705
A123: CEF2328 | B123: 2023 Lexus RX | C123: SUV | D123: Hybrid III | E123: 2129 | F123: 68.533192 | G123: 49.193534 | H123: 104733.03 | I123: 34.844014 | J123: 23.849866 | K123: 24.084483 | L123: 45.34909 | M123: 37.362265 | N123: 18.01138 | O123: 8.6791934 | P123: 41.557271 | Q123: 327.52474 | R123: 37.409433 | S123: 1126.584 | T123: 1127.3001 | U123: 33.150447 | V123: 19.615859 | W123: 41.467289 | X123: 54.01275 | Y123: 31.928753 | Z123: 31.414963 | AA123: 16.572352 | AB123: 40.413715 | AC123: 34.54055 | AD123: 32.466512 | AE123: 40.057355 | AF123: 52.351444 | AG123: 1058.8239 | AH123: 85.723689 | AI123: 1828.1664 | AJ123: 2076.4753 | AK123: 2381.9394 | AL123: 2357.2288 | AM123: 661.96959 | AN123: 3279.7734 | AP123: 0.92185063 | AQ123: 0.844771 | AR123: 1.0979644 | AS123: 0.82152494 | AT123: 1.0641936 | AU123: 0.76835089 | AV123: 0.52591719 | AW123: 0.53109076 | AX123: 0.89905484 | AY123: 0.43341104 | AZ123: 0.20884897 | BA123: 0.61375224 | BB123: 0.36317089 | BC123: 0.7677315 | BD123: 0.79004747 | BE123: 0.77733421 | BF123: 0.41006754 | BG123: 0.65978218 | BH123: 0.62016459 | BI123: 0.76516238
A124: CEF2330 | B124: 2022 Jeep Grand Cherokee L | C124: SUV | D124: Hybrid III | E124: 2343 | F124: 67.163799 | G124: 35.432507 | H124: 83018.364 | I124: 58.541214 | J124: 9.2694911 | K124: 21.477222 | L124: 61.87319 | M124: 36.165393 | N124: 8.3493514 | O124: 13.467989 | P124: 37.197983 | Q124: 760.50251 | R124: 11.117944 | S124: 942.70202 | T124: 1099.1962 | U124: 44.926049 | V124: 14.958472 | W124: 79.739552 | X124: 88.785371 | Y124: 42.72139 | Z124: 18.869549 | AA124: 15.138577 | AB124: 47.030363 | AC124: 42.912263 | AD124: 13.712689 | AE124: 23.456765 | AF124: 47.049391 | AG124: 1347.802 | AH124: 228.77238 | AI124: 2889.6307 | AJ124: 3170.2207 | AK124: 1214.3168 | AL124: 725.19532 | AM124: 1193.8186 | AN124: 1465.0772 | AP124: 1.7462267 | AQ124: 1.0498264 | AR124: 2.5057603 | AS124: 1.3273225 | AT124: 1.3278595 | AU124: 0.94614831 | AV124: 0.14981434 | AW124: 0.34711678 | AX124: 0.97224072 | AY124: 0.2244571 | AZ124: 0.36206236 | BA124: 0.50600733 | BB124: 0.16847902 | BC124: 0.89811589 | BD124: 0.90837892 | BE124: 0.40122058 | BF124: 0.32188943 | BG124: 0.91206841 | BH124: 0.29145307 | BI124: 0.49855619
A125: CEF2333 | B125: 2023 Kia Telluride | C125: SUV | D125: Hybrid III | E125: 2199 | F125: 66.607891 | G125: 40.097654 | H125: 88174.741 | I125: 39.546418 | J125: 8.1921165 | K125: 28.554312 | L125: 47.766668 | M125: 32.192836 | N125: 12.589017 | O125: 15.296409 | P125: 36.085093 | Q125: 467.18939 | R125: 64.917053 | S125: 907.4633 | T125: 969.48486 | U125: 24.872772 | V125: 12.524838 | W125: 38.242496 | X125: 46.971744 | Y125: 25.284027 | Z125: 22.328863 | AA125: 9.4203984 | AB125: 33.296858 | AC125: 26.505418 | AD125: 17.738466 | AE125: 26.113269 | AF125: 40.412906 | AG125: 788.32581 | AH125: 72.483406 | AI125: 1430.8589 | AJ125: 1626.8275 | AK125: 839.85445 | AL125: 1674.6863 | AM125: 670.6933 | AN125: 1719.7775 | AP125: 1.1912584 | AQ125: 0.89993028 | AR125: 1.1714337 | AS125: 0.83039417 | AT125: 1.0078621 | AU125: 0.82790824 | AV125: 0.17150278 | AW125: 0.59778738 | AX125: 0.8921367 | AY125: 0.3488703 | AZ125: 0.4238983 | BA125: 0.52952626 | BB125: 0.26664622 | BC125: 0.81415959 | BD125: 0.75935172 | BE125: 0.6705997 | BF125: 0.28292154 | BG125: 0.65586517 | BH125: 0.43893071 | BI125: 0.64616161
A126: CEF2334 | B126: 2024 Mercedes-Benz GLE-Class | C126: SUV | D126: Hybrid III | E126: 2408 | F126: 67.246536 | G126: 43.000604 | H126: 103545.45 | I126: 38.420777 | J126: 17.153463 | K126: 30.929842 | L126: 49.899412 | M126: 40.429584 | N126: 16.604417 | O126: 14.499806 | P126: 45.502909 | Q126: 375.86445 | R126: 43.551069 | S126: 1255.3959 | T126: 1293.745 | U126: 51.408848 | V126: 13.288962 | W126: 55.809598 | X126: 63.568229 | Y126: 33.163553 | Z126: 25.278924 | AA126: 14.789701 | AB126: 41.578899 | AC126: 40.115683 | AD126: 24.753356 | AE126: 32.937939 | AF126: 55.293211 | AG126: 1004.1768 | AH126: 608.63654 | AI126: 2105.335 | AJ126: 2330.7005 | AK126: 585.75907 | AL126: 1965.8031 | AM126: 1284.9162 | AN126: 2000.8976 | AP126: 1.1604351 | AQ126: 1.0581923 | AR126: 1.4783101 | AS126: 0.96693754 | AT126: 1.2858706 | AU126: 0.76996453 | AV126: 0.34376081 | AW126: 0.61984381 | AX126: 0.88850548 | AY126: 0.3649089 | AZ126: 0.31865667 | BA126: 0.80871921 | BB126: 0.20905037 | BC126: 0.87794797 | BD126: 0.79760537 | BE126: 0.60797482 | BF126: 0.35570209 | BG126: 0.7255083 | BH126: 0.44767442 | BI126: 0.5956959
... A219: CEF2620 | B219: 2026 BMW X1 | C219: SUV | D219: Hybrid III | E219: 1915 | F219: 67.559172 | G219: 46.741681 | H219: 89510.32 | I219: 31.501522 | J219: 30.307071 | K219: 31.626794 | L219: 45.418571 | M219: 35.426223 | N219: 18.872881 | O219: 15.618807 | P219: 41.459816 | Q219: 500.94264 | R219: 159.45629 | S219: 1337.673 | T219: 1393.7081 | U219: 25.323633 | V219: 13.36716 | W219: 54.075871 | X219: 58.92864 | Y219: 34.786736 | Z219: 28.801562 | AA219: 51.51245 | AB219: 54.138407 | AC219: 44.779325 | AD219: 21.521566 | AE219: 43.259109 | AF219: 56.492179 | AG219: 851.52001 | AH219: 46.961845 | AI219: 2038.6585 | AJ219: 2177.5284 | AK219: 1360.269 | AL219: 1631.8362 | AM219: 2431.1969 | AN219: 2780.6747 | AP219: 0.97169314 | AQ219: 0.88699882 | AR219: 1.26073 | AS219: 1.1582469 | AT219: 1.2086039 | AU219: 0.69358241 | AV219: 0.66728368 | AW219: 0.69634058 | AX219: 0.85447131 | AY219: 0.45520899 | AZ219: 0.37672157 | BA219: 0.42973387 | BB219: 0.22683639 | BC219: 0.91765007 | BD219: 0.64255191 | BE219: 0.5319987 | BF219: 0.9514955 | BG219: 0.79266416 | BH219: 0.3809654 | BI219: 0.76575395
A220: CF00014 | B220: 2000 Isuzu Rodeo | C220: SUV | D220: Hybrid III | E220: 1946 | F220: 68.789 | G220: 57.0074 | H220: 110936.4 | I220: 83.9997 | J220: 22.0173 | K220: 21.6158 | L220: 87.1529 | M220: 51.5357 | N220: 14.5653 | O220: 14.2411 | P220: 51.9865 | Q220: 626.6312 | R220: 707.1114 | S220: 2688.2749 | T220: 2691.9935 | AP220: 1.5287998 | AQ220: 0.91192547 | AU220: 0.96381991 | AV220: 0.25262843 | AW220: 0.24802158 | AX220: 0.99132852 | AY220: 0.28017466 | AZ220: 0.27393843
A221: CF00020 | B221: 2000 Nissan Xterra | C221: SUV | D221: Hybrid III | E221: 1998 | F221: 73.0422 | G221: 89.2231 | H221: 178267.75 | I221: 92.8347 | J221: 17.2519 | K221: 20.8798 | L221: 96.0098 | M221: 44.6998 | N221: 18.2164 | O221: 14.3314 | P221: 47.4392 | Q221: 741.8822 | R221: 383.8513 | S221: 2415.5118 | T221: 2460.8469 | AP221: 1.0760644 | AQ221: 0.5316919 | AU221: 0.96692942 | AV221: 0.17968895 | AW221: 0.21747572 | AX221: 0.94225451 | AY221: 0.38399467 | AZ221: 0.30210037
A222: CF00021 | B222: 2000 Isuzu Trooper | C222: SUV | D222: Hybrid III | E222: 2100 | F222: 71.774 | G222: 38.6208 | H222: 81103.68 | I222: 75.3403 | J222: 12.8207 | K222: 22.9709 | L222: 75.9451 | M222: 47.7223 | N222: 18.291 | O222: 17.8015 | P222: 49.4116 | Q222: 512.555 | R222: 486.2803 | S222: 2538.6347 | T222: 2568.5754 | AP222: 1.96643 | AQ222: 1.2794038 | AU222: 0.99203635 | AV222: 0.16881537 | AW222: 0.30246718 | AX222: 0.96581167 | AY222: 0.37017623 | AZ222: 0.36026965
A223: CF00022 | B223: 2001 Mitsubishi Montero | C223: SUV | D223: Hybrid III | E223: 2264 | F223: 70.0198 | G223: 34.1203 | H223: 77248.359 | I223: 69.7836 | J223: 17.1154 | K223: 16.0772 | L223: 71.9955 | M223: 56.1937 | N223: 24.1199 | O223: 8.3185 | P223: 58.5442 | Q223: 232.3979 | R223: 486.4138 | S223: 1882.2959 | T223: 1882.4673 | AP223: 2.1100489 | AQ223: 1.7158173 | AU223: 0.96927725 | AV223: 0.23772875 | AW223: 0.2233084 | AX223: 0.95985085 | AY223: 0.4119947 | AZ223: 0.14208922
A224: CF00023 | B224: 2001 BMW X5 | C224: SUV | D224: Hybrid III | E224: 2168 | F224: 70.5729 | G224: 43.4538 | H224: 94207.838 | I224: 40.9428 | J224: 18.6442 | K224: 17.0838 | L224: 44.7075 | M224: 44.6614 | N224: 14.2322 | O224: 8.1435 | P224: 46.5379 | Q224: 630.4945 | R224: 116.9409 | S224: 1204.1533 | T224: 1285.1948 | AP224: 1.0288513 | AQ224: 1.0709742 | AU224: 0.91579265 | AV224: 0.41702623 | AW224: 0.3821238 | AX224: 0.95967803 | AY224: 0.30581956 | AZ224: 0.17498641
A225: CF00024 | B225: 2001 Isuzu Trooper | C225: SUV | D225: Hybrid III | E225: 2126 | F225: 72.7236 | G225: 50.3446 | H225: 107032.62 | I225: 73.0474 | J225: 15.3778 | K225: 21.4469 | L225: 74.9649 | M225: 48.0392 | N225: 16.5152 | O225: 12.624 | P225: 50.7752 | Q225: 346.7153 | R225: 163.757 | S225: 2040.6983 | T225: 2048.7567 | AP225: 1.4890356 | AQ225: 1.0085531 | AU225: 0.97442136 | AV225: 0.20513334 | AW225: 0.28609256 | AX225: 0.94611543 | AY225: 0.32526115 | AZ225: 0.24862531
A226: CF00029 | B226: 2001 Isuzu Trooper | C226: SUV | D226: Hybrid III | E226: 2124 | F226: 73.1302 | G226: 44.3586 | H226: 94217.666 | I226: 73.5427 | J226: 15.1467 | K226: 24.1835 | L226: 73.5558 | M226: 49.6242 | N226: 14.3635 | O226: 15.0832 | P226: 51.3011 | Q226: 382.2253 | R226: 121.4881 | S226: 2148.2136 | T226: 2152.1573 | AP226: 1.6582083 | AQ226: 1.1565085 | AU226: 0.9998219 | AV226: 0.20592122 | AW226: 0.32877761 | AX226: 0.96731259 | AY226: 0.27998425 | AZ226: 0.29401319
A227: CF15001 (Driver) | B227: 2015 Honda CR-V | C227: SUV | D227: Hybrid III | E227: 1819 | F227: 70.60869 | G227: 35.323618 | H227: 64253.661 | I227: 45.756457 | J227: 18.400053 | K227: 16.540216 | L227: 49.504722 | M227: 38.594413 | N227: 12.588906 | O227: 13.289171 | P227: 41.489278 | Q227: 638.54931 | R227: 70.157267 | S227: 884.78564 | T227: 1080.8787 | AP227: 1.4014624 | AQ227: 1.1745478 | AU227: 0.92428469 | AV227: 0.37168278 | AW227: 0.33411391 | AX227: 0.93022619 | AY227: 0.30342552 | AZ227: 0.32030374
A228: CF15002 (Driver) | B228: 2015 Toyota RAV4 | C228: SUV | D228: Hybrid III | E228: 1855 | F228: 67.258868 | G228: 44.141006 | H228: 81881.566 | I228: 38.203755 | J228: 14.388524 | K228: 24.923023 | L228: 45.000061 | M228: 36.228263 | N228: 10.114894 | O228: 14.580809 | P228: 39.310369 | Q228: 375.04751 | R228: 235.6719 | S228: 1563.5776 | T228: 1578.2508 | AP228: 1.0194616 | AQ228: 0.89056351 | AU228: 0.84897118 | AV228: 0.31974454 | AW228: 0.55384421 | AX228: 0.92159559 | AY228: 0.25730856 | AZ228: 0.37091508
A229: CF98008 | B229: 1998 Jeep Wrangler | C229: SUV | D229: Hybrid III | E229: 1594 | F229: 66.776597 | G229: 52.288152 | H229: 83347.314 | I229: 54.933096 | J229: 13.360364 | K229: 22.038924 | L229: 57.545337 | M229: 38.889547 | N229: 7.491062 | O229: 7.831714 | P229: 38.945475 | Q229: 360.15244 | R229: 2098.8789 | S229: 26.641962 | T229: 2128.9014 | AP229: 1.1005426 | AQ229: 0.74482409 | AU229: 0.95460551 | AV229: 0.2321711 | AW229: 0.38298366 | AX229: 0.99856394 | AY229: 0.19234743 | AZ229: 0.20109432
A230: CF98012 | B230: 1998 Jeep Cherokee | C230: SUV | D230: Hybrid III | E230: 1701 | F230: 74.173266 | G230: 71.848502 | H230: 122214.3 | I230: 56.417665 | J230: 16.389962 | K230: 19.563023 | L230: 59.586011 | M230: 47.645347 | N230: 13.135242 | O230: 5.987991 | P230: 47.827652 | Q230: 528.53657 | R230: 2323.2586 | S230: 231.08498 | T230: 2355.7465 | AP230: 0.82932851 | AQ230: 0.66567361 | AU230: 0.94682735 | AV230: 0.27506392 | AW230: 0.3283157 | AX230: 0.99618829 | AY230: 0.27463698 | AZ230: 0.12519935
A231: CF98013 | B231: 1998 Kia Sportage | C231: SUV | D231: Hybrid III | E231: 1652 | F231: 67.095626 | G231: 38.343287 | H231: 63343.11 | I231: 63.817306 | J231: 10.505817 | K231: 19.80201 | L231: 65.198097 | M231: 39.138329 | N231: 15.582237 | O231: 17.627093 | P231: 42.004846 | Q231: 410.74144 | R231: 2261.8354 | S231: 360.64021 | T231: 2289.4702 | AP231: 1.7003784 | AQ231: 1.0954941 | AU231: 0.97882161 | AV231: 0.16113687 | AW231: 0.30372067 | AX231: 0.93175747 | AY231: 0.37096284 | AZ231: 0.41964427
... A241: CF99013 | B241: 1999 Dodge Durango | C241: SUV | D241: Hybrid III | E241: 2312 | F241: 67.966582 | G241: 71.572358 | H241: 165475.29 | I241: 64.05587 | J241: 16.64733 | K241: 32.987438 | L241: 67.086591 | M241: 38.812905 | N241: 5.037808 | O241: 11.681334 | P241: 38.975593 | Q241: 439.27969 | R241: 53.932573 | S241: 2214.2874 | T241: 2216.0973 | AP241: 0.93732543 | AQ241: 0.54456209 | AU241: 0.95482374 | AV241: 0.24814691 | AW241: 0.49171433 | AX241: 0.9958259 | AY241: 0.12925545 | AZ241: 0.29970895
AO243: average | AP243: =AVERAGE(AP2:AP241) -> 1.2749581 | AQ243: =AVERAGE(AQ2:AQ241) -> 0.97140292 | AR243: =AVERAGE(AR2:AR241) -> 1.4369602 | AS243: =AVERAGE(AS2:AS241) -> 1.0788362 | AT243: =AVERAGE(AT2:AT241) -> 1.1549655 | AU243: =AVERAGE(AU2:AU241) -> 0.86028175 | AV243: =AVERAGE(AV2:AV241) -> 0.36013238 | AW243: =AVERAGE(AW2:AW241) -> 0.50659395 | ... BI243: =AVERAGE(BI2:BI241) -> 0.62901713
...

Sheet Minivan
A1: Test ID | B1: Vehicle Info | C1: Vehicle Type | D1: ATD | E1: Vehicle Test Weight (kg) | F1: Vehicle dV (kph) | G1: Vehicle Peak a (g) | H1: Vehicle Peak F (N) | I1: Driver Head Peak a - x (g) | J1: Driver Head Peak a - y (g) | K1: Driver Head Peak a - z (g) | L1: Driver Head Peak a - R (g) | M1: Driver Chest Peak a - x (g) | N1: Driver Chest Peak a - y (g) | O1: Driver Chest Peak a - z (g) | P1: Driver Chest Peak a - R (g) | Q1: Driver Upper Neck Peak F - x (N) | R1: Driver Upper Neck Peak F - z Compression (N) | S1: Driver Upper Neck Peak F - z Tension (N) | T1: Driver Upper Neck Peak F - R (N) | U1: Passenger Head Peak a - x (g) | V1: Passenger Head Peak a - y (g) | W1: Passenger Head Peak a - z (g) | X1: Passenger Head Peak a - R (g) | Y1: Passenger Chest Peak a - x (g) | Z1: Passenger Chest Peak a - y (g) | AA1: Passenger Chest Peak a - z (g) | AB1: Passenger Chest Peak a - R (g) | AC1: Passenger Pelvis Peak a - x (g) | AD1: Passenger Pelvis Peak a - y (g) | AE1: Passenger Pelvis Peak a - z (g) | AF1: Passenger Pelvis Peak a - R (g) | AG1: Passenger Upper Neck Peak F - x (N) | AH1: Passenger Upper Neck Peak F - z Compression (N) | AI1: Passenger Upper Neck Peak F - z Tension (N) | AJ1: Passenger Upper Neck Peak F - R (N) | AK1: Passenger Lumbar Peak F - x (N) | AL1: Passenger Lumbar Peak F - z Compression (N) | AM1: Passenger Lumbar Peak F - z Tension (N) | AN1: Passenger Lumbar Peak F - R (N) | AP1: Resultant Driver Head a / Vehicle Peak a | AQ1: Resultant Driver Chest a / Vehicle Peak a | AR1: Resultant Passenger Head a / Vehicle Peak a | AS1: Resultant Passenger Chest a / Vehicle Peak a | AT1: Resultant Passenger Pelvis a / Vehicle Peak a | AU1: Driver Head a x / Head a r | AV1: Driver Head a y / Head a r | AW1: Driver Head a z / Head a r | AX1: Driver Chest a x / Chest a r | AY1: Driver Chest a y / Chest a r | AZ1: Driver Chest a z / Chest a r | BA1: Passenger Head a x / Head a r | BB1: Passenger Head a y / Head a r | BC1: Passenger Head a z / Head a r | BD1: Passenger Chest a x / Chest a r | BE1: Passenger Chest a y / Chest a r | BF1: Passenger Chest a z / Chest a r | BG1: Passenger Pelvis a x / Pelvis a r | BH1: Passenger Pelvis a y / Pelvis a r | BI1: Passenger Pelvis a z / Pelvis a r
A2: CEF0102 | B2: 2001 Dodge Grand Caravan | C2: minivan | D2: Hybrid III | E2: 2025 | F2: 70.9955 | G2: 37.1244 | H2: 75176.91 | I2: 76.3604 | J2: 13.8222 | K2: 27.2239 | L2: 81.1397 | M2: 45.5134 | N2: 14.3403 | O2: 13.388 | P2: 48.5693 | Q2: 472.8352 | R2: 954.1116 | S2: 2002.4788 | T2: 2029.0835 | AP2: 2.1856165 | AQ2: 1.3082851 | AU2: 0.94109788 | AV2: 0.17035064 | AW2: 0.33551886 | AX2: 0.93708165 | AY2: 0.29525441 | AZ2: 0.27564737
A3: CEF0111 | B3: 2001 Dodge Grand Caravan | C3: minivan | D3: Hybrid III | E3: 2040 | F3: 67.7742 | G3: 36.3315 | H3: 74116.26 | I3: 62.3191 | J3: 11.5395 | K3: 29.9674 | L3: 69.5415 | M3: 44.6362 | N3: 18.0332 | O3: 9.9215 | P3: 47.7105 | Q3: 600.7932 | R3: 29.3558 | S3: 1941.0255 | T3: 1983.1781 | AP3: 1.9140828 | AQ3: 1.3131993 | AU3: 0.89614259 | AV3: 0.16593689 | AW3: 0.43092829 | AX3: 0.93556345 | AY3: 0.37797131 | AZ3: 0.20795213
A4: CEF0201 | B4: 2002 Kia Sedona | C4: minivan | D4: Hybrid III | E4: 2216 | F4: 71.217144 | G4: 30.291491 | H4: 67125.944 | I4: 87.306184 | J4: 29.5889 | K4: 25.399609 | L4: 93.710934 | M4: 42.826319 | N4: 15.547339 | O4: 15.946153 | P4: 46.778932 | Q4: 606.53304 | R4: 158.38488 | S4: 2525.9053 | T4: 2555.6017 | AP4: 3.0936389 | AQ4: 1.5442928 | AU4: 0.93165419 | AV4: 0.31574651 | AW4: 0.27104211 | AX4: 0.91550442 | AY4: 0.33235772 | AZ4: 0.34088322
A5: CEF0310 | B5: 2004 Toyota Sienna | C5: minivan | D5: Hybrid III | E5: 2010 | F5: 69.502419 | G5: 35.270304 | H5: 70893.311 | I5: 38.012837 | J5: 22.347405 | K5: 18.028472 | L5: 38.19097 | M5: 45.895344 | N5: 19.441641 | O5: 9.209947 | P5: 48.581339 | Q5: 306.9259 | R5: 41.833124 | S5: 1422.7805 | T5: 1422.9117 | AP5: 1.0828081 | AQ5: 1.3774006 | AU5: 0.99533573 | AV5: 0.58514892 | AW5: 0.47206112 | AX5: 0.94471138 | AY5: 0.40018743 | AZ5: 0.18957787
A6: CEF0314 | B6: 2004 Toyota Sienna | C6: minivan | D6: Hybrid III | E6: 2014 | F6: 70.359947 | G6: 38.042565 | H6: 76617.726 | I6: 37.430151 | J6: 23.094274 | K6: 20.023652 | L6: 40.562846 | M6: 48.055655 | N6: 22.167525 | O6: 9.594622 | P6: 52.776651 | Q6: 349.38732 | R6: 30.143275 | S6: 1275.986 | T6: 1282.9401 | AP6: 1.066249 | AQ6: 1.3873053 | AU6: 0.92276935 | AV6: 0.5693455 | AW6: 0.49364515 | AX6: 0.91054764 | AY6: 0.42002523 | AZ6: 0.18179672
A7: CEF0317 | B7: 2004 Nissan Quest | C7: minivan | D7: Hybrid III | E7: 2026 | F7: 71.38133 | G7: 45.811892 | H7: 92814.893 | I7: 67.66776 | J7: 18.624181 | K7: 27.459163 | L7: 71.765437 | M7: 49.500664 | N7: 17.827558 | O7: 11.124913 | P7: 50.969419 | Q7: 552.03047 | R7: 225.74547 | S7: 1989.0722 | T7: 2003.4585 | AP7: 1.5665242 | AQ7: 1.1125805 | AU7: 0.9429018 | AV7: 0.25951463 | AW7: 0.38262378 | AX7: 0.9711836 | AY7: 0.34976969 | AZ7: 0.21826643
A8: CEF0327 | B8: 2004 Ford Freestar | C8: minivan | D8: Hybrid III | E8: 2056 | F8: 71.451756 | G8: 38.629672 | H8: 79422.606 | I8: 78.0467 | J8: 30.366162 | K8: 25.001231 | L8: 85.625712 | M8: 40.253551 | N8: 15.71831 | O8: 15.354677 | P8: 42.700009 | Q8: 514.26245 | R8: 238.74677 | S8: 1401.8921 | T8: 1402.9144 | AP8: 2.2165788 | AQ8: 1.1053681 | AU8: 0.91148673 | AV8: 0.35463836 | AW8: 0.29198275 | AX8: 0.94270591 | AY8: 0.36811023 | AZ8: 0.35959423
A9: CEF0508 | B9: 2005 Chevrolet Uplander | C9: minivan | D9: Hybrid III | E9: 2028 | F9: 76.075043 | G9: 35.726526 | H9: 72453.395 | I9: 133.95677 | J9: 14.580644 | K9: 41.368861 | L9: 140.64504 | M9: 51.299076 | N9: 18.269748 | O9: 15.136338 | P9: 54.028674 | Q9: 1130.7547 | R9: 672.06195 | S9: 2012.4368 | T9: 2236.7765 | AP9: 3.9367119 | AQ9: 1.5122846 | AU9: 0.95244575 | AV9: 0.10366981 | AW9: 0.29413665 | AX9: 0.94947872 | AY9: 0.33814911 | AZ9: 0.28015379
A10: CEF0509 | B10: 2005 Honda Odyssey | C10: minivan | D10: Hybrid III | E10: 2120 | F10: 71.251921 | G10: 32.824654 | H10: 69588.266 | I10: 46.631499 | J10: 8.4892 | K10: 20.758259 | L10: 50.375414 | M10: 33.460979 | N10: 11.781508 | O10: 9.350987 | P10: 34.059043 | Q10: 488.40287 | R10: 43.134472 | S10: 968.3573 | T10: 1008.8094 | AP10: 1.5346823 | AQ10: 1.0376055 | AU10: 0.92567972 | AV10: 0.16851871 | AW10: 0.41207123 | AX10: 0.98244038 | AY10: 0.34591424 | AZ10: 0.27455225
A11: CEF0602 | B11: 2006 Kia Sedona | C11: minivan | D11: Hybrid III | E11: 2162 | F11: 73.154695 | G11: 36.332487 | H11: 78550.837 | I11: 50.101208 | J11: 14.73933 | K11: 28.830095 | L11: 56.498432 | M11: 39.60948 | N11: 13.890496 | O11: 16.426584 | P11: 41.831844 | Q11: 552.07166 | R11: 618.70544 | S11: 1178.1046 | T11: 1206.314 | AP11: 1.5550389 | AQ11: 1.151362 | AU11: 0.88677165 | AV11: 0.26088034 | AW11: 0.51028133 | AX11: 0.94687387 | AY11: 0.33205555 | AZ11: 0.39268133
A12: CEF0806 | B12: 2008 Dodge Grand Caravan | C12: minivan | D12: Hybrid III | E12: 2146 | F12: 70.350473 | G12: 36.041588 | H12: 77345.248 | I12: 38.06682 | J12: 27.756984 | K12: 30.570376 | L12: 53.899169 | M12: 42.927129 | N12: 18.33332 | O12: 20.627484 | P12: 47.754998 | Q12: 543.56422 | R12: 824.50719 | S12: 1337.9806 | T12: 1439.0736 | AP12: 1.4954715 | AQ12: 1.3249971 | AU12: 0.70625987 | AV12: 0.51497981 | AW12: 0.56717713 | AX12: 0.89890338 | AY12: 0.38390369 | AZ12: 0.43194398
A13: CEF2315 | B13: 2023 Kia Carnival | C13: minivan | D13: Hybrid III | E13: 2254 | F13: 68.325064 | G13: 29.934559 | H13: 67472.497 | I13: 45.975332 | J13: 7.1115579 | K13: 11.142165 | L13: 47.1888 | M13: 36.860426 | N13: 9.9251437 | O13: 8.2625908 | P13: 37.371195 | Q13: 527.43384 | R13: 88.718836 | S13: 718.18987 | T13: 866.45103 | U13: 93.4106 | V13: 9.7293085 | W13: 74.350827 | X13: 101.09278 | Y13: 36.335635 | Z13: 18.964943 | AA13: 16.323457 | AB13: 42.270802 | AC13: 36.829249 | AD13: 9.2059317 | AE13: 28.29749 | AF13: 42.426224 | AG13: 1323.351 | AH13: 706.4994 | AI13: 2730.0219 | AJ13: 3013.2319 | AK13: 1351.1464 | AL13: 2659.4207 | AM13: 550.58841 | AN13: 2695.0991 | AP13: 1.5763987 | AQ13: 1.2484298 | AR13: 3.3771259 | AS13: 1.412107 | AT13: 1.4172991 | AU13: 0.97428484 | AV13: 0.15070436 | AW13: 0.23611885 | AX13: 0.98633256 | AY13: 0.26558272 | AZ13: 0.22109517 | BA13: 0.92400865 | BB13: 0.096241382 | BC13: 0.73547121 | BD13: 0.85959179 | BE13: 0.44865348 | BF13: 0.38616387 | BG13: 0.86807748 | BH13: 0.21698683 | BI13: 0.66698112
A14: CEF2316 | B14: 2023 Honda Odyssey | C14: minivan | D14: Hybrid III | E14: 2244 | F14: 67.166365 | G14: 32.521814 | H14: 72978.951 | I14: 35.415401 | J14: 19.912317 | K14: 22.266999 | L14: 43.866224 | M14: 40.494537 | N14: 18.544326 | O14: 10.306456 | P14: 45.343906 | Q14: 406.83876 | R14: 244.30456 | S14: 864.91177 | T14: 895.66843 | U14: 45.232414 | V14: 7.3289998 | W14: 85.476907 | X14: 92.625706 | Y14: 47.792294 | Z14: 13.015668 | AA14: 17.960639 | AB14: 51.077107 | AC14: 32.747031 | AD14: 12.690497 | AE14: 29.185379 | AF14: 42.814211 | AG14: 1221.2202 | AH14: 564.67598 | AI14: 3110.3526 | AJ14: 3333.2284 | AK14: 2296.7557 | AL14: 421.39327 | AM14: 2124.3984 | AN14: 2570.1726 | AP14: 1.3488246 | AQ14: 1.3942613 | AR14: 2.8481101 | AS14: 1.5705491 | AT14: 1.3164767 | AU14: 0.80735011 | AV14: 0.45393277 | AW14: 0.50761147 | AX14: 0.89305355 | AY14: 0.40897062 | AZ14: 0.22729528 | BA14: 0.48833543 | BB14: 0.079124901 | BC14: 0.92282057 | BD14: 0.93568914 | BE14: 0.2548239 | BF14: 0.35163776 | BG14: 0.76486358 | BH14: 0.29640851 | BI14: 0.68167504
A15: CEF2319 | B15: 2023 Toyota Sienna | C15: minivan | D15: Hybrid III | E15: 2272 | F15: 68.886957 | G15: 34.608228 | H15: 78629.894 | I15: 43.642046 | J15: 32.008991 | K15: 28.945512 | L15: 50.562261 | M15: 41.266877 | N15: 19.990253 | O15: 10.47926 | P15: 43.808818 | Q15: 789.90034 | R15: 72.766372 | S15: 909.45457 | T15: 998.28295 | U15: 54.114888 | V15: 13.709426 | W15: 49.733177 | X15: 58.76553 | Y15: 30.688584 | Z15: 27.863383 | AA15: 24.95551 | AB15: 41.852994 | AC15: 32.755438 | AD15: 23.254873 | AE15: 51.057501 | AF15: 56.859091 | AG15: 856.03608 | AH15: 514.59269 | AI15: 1755.0829 | AJ15: 1923.2879 | AK15: 1106.0869 | AL15: 3590.2919 | AM15: 661.48989 | AN15: 3664.1224 | AP15: 1.4609896 | AQ15: 1.2658498 | AR15: 1.6980219 | AS15: 1.2093365 | AT15: 1.6429356 | AU15: 0.86313478 | AV15: 0.6330609 | AW15: 0.57247265 | AX15: 0.94197651 | AY15: 0.4563066 | AZ15: 0.23920436 | BA15: 0.92086105 | BB15: 0.23329027 | BC15: 0.84629844 | BD15: 0.73324704 | BE15: 0.66574407 | BF15: 0.59626583 | BG15: 0.57608094 | BH15: 0.4089913 | BI15: 0.89796549
A16: CEF2320 | B16: 2023 Chrysler Pacifica | C16: minivan | D16: Hybrid III | E16: 2225 | F16: 65.98397 | G16: 37.23874 | H16: 82856.195 | I16: 37.671359 | J16: 15.126625 | K16: 26.357866 | L16: 41.331733 | M16: 29.855565 | N16: 18.408715 | O16: 15.439023 | P16: 36.363563 | Q16: 543.32888 | R16: 347.77623 | S16: 1027.9465 | T16: 1134.5948 | U16: 35.868991 | V16: 16.497756 | W16: 57.95198 | X16: 66.756927 | Y16: 35.580229 | Z16: 19.718011 | AA16: 7.8518308 | AB16: 38.405314 | AC16: 35.837696 | AD16: 13.437475 | AE16: 20.545961 | AF16: 38.827554 | AG16: 1123.3141 | AH16: 232.41242 | AI16: 2106.7501 | AJ16: 2367.2239 | AK16: 1617.3649 | AL16: 566.13461 | AM16: 639.19427 | AN16: 1618.7293 | AP16: 1.1099123 | AQ16: 0.97649821 | AR16: 1.7926742 | AS16: 1.0313269 | AT16: 1.0426656 | AU16: 0.91143914 | AV16: 0.36598089 | AW16: 0.63771498 | AX16: 0.82102969 | AY16: 0.5062407 | AZ16: 0.42457399 | BA16: 0.53730739 | BB16: 0.24713174 | BC16: 0.86810436 | BD16: 0.92644027 | BE16: 0.51341883 | BF16: 0.20444647 | BG16: 0.9229965 | BH16: 0.3460809 | BI16: 0.5291593
A17: CEF2543 | B17: 2025 Volkswagen ID.Buzz | C17: minivan | D17: Hybrid III | E17: 2898 | F17: 68.612725 | G17: 26.74403 | H17: 77504.2 | I17: 29.973655 | J17: 24.975513 | K17: 29.842295 | L17: 42.177283 | M17: 26.427652 | N17: 5.9853983 | O17: 22.274784 | P17: 30.55708 | Q17: 266.84544 | R17: 130.06697 | S17: 1082.7794 | T17: 1083.8943 | U17: 23.341417 | V17: 9.4993899 | W17: 39.416733 | X17: 45.6636 | Y17: 28.703882 | Z17: 13.105607 | AA17: 12.872405 | AB17: 32.441663 | AC17: 34.351494 | AD17: 14.264235 | AE17: 25.788745 | AF17: 40.795531 | AG17: 751.81499 | AH17: 72.319961 | AI17: 1450.2273 | AJ17: 1624.2135 | AK17: 770.74778 | AL17: 2466.055 | AM17: 1059.5821 | AN17: 2482.2253 | AP17: 1.5770728 | AQ17: 1.1425757 | AR17: 1.7074315 | AS17: 1.2130432 | AT17: 1.525407 | AU17: 0.71065876 | AV17: 0.59215557 | AW17: 0.70754428 | AX17: 0.86486184 | AY17: 0.19587599 | AZ17: 0.72895657 | BA17: 0.51116025 | BB17: 0.20802981 | BC17: 0.8631981 | BD17: 0.88478454 | BE17: 0.40397456 | BF17: 0.39678622 | BG17: 0.84204061 | BH17: 0.34965191 | BI17: 0.63214634
A18: CF00011 | B18: 2000 Mazda MPV | C18: minivan | D18: Hybrid III | E18: 1775 | F18: 69.4363 | G18: 36.7188 | H18: 65175.87 | I18: 70.6221 | J18: 8.0204 | K18: 40.3536 | L18: 77.0634 | M18: 43.97 | N18: 8.0535 | O18: 19.0713 | P18: 47.4936 | Q18: 518.1355 | R18: 224.1103 | S18: 2837.6301 | T18: 2843.2229 | AP18: 2.0987451 | AQ18: 1.293441 | AU18: 0.91641557 | AV18: 0.10407535 | AW18: 0.52364157 | AX18: 0.92580895 | AY18: 0.16957022 | AZ18: 0.40155516
A19: CF00028 | B19: 2001 Dodge Grand Caravan | C19: minivan | D19: Hybrid III | E19: 2036 | F19: 72.1765 | G19: 41.3686 | H19: 84226.47 | I19: 65.6651 | J19: 12.8426 | K19: 33.6031 | L19: 73.0618 | M19: 56.7412 | N19: 14.7903 | O19: 7.9031 | P19: 58.3978 | Q19: 453.8166 | R19: 333.5604 | S19: 1804.1003 | T19: 1813.1206 | AP19: 1.7661173 | AQ19: 1.4116455 | AU19: 0.89876105 | AV19: 0.17577722 | AW19: 0.45992708 | AX19: 0.97163249 | AY19: 0.2532681 | AZ19: 0.13533215
A20: CF98023 | B20: 1999 Nissan Quest | C20: minivan | D20: Hybrid III | E20: 1936 | F20: 66.70857 | G20: 25.430386 | H20: 49233.227 | I20: 70.209001 | J20: 10.090522 | K20: 29.559903 | L20: 73.264495 | M20: 32.762946 | N20: 11.873317 | O20: 13.251319 | P20: 33.842654 | Q20: 619.87501 | R20: 48.193767 | S20: 1482.7325 | T20: 1493.3444 | AP20: 2.8809824 | AQ20: 1.3307959 | AU20: 0.95829502 | AV20: 0.13772731 | AW20: 0.40346832 | AX20: 0.96809624 | AY20: 0.35083883 | AZ20: 0.39155673
A21: CF98024 | B21: 1999 Honda Odyssey | C21: minivan | D21: Hybrid III | E21: 2078 | F21: 70.075969 | G21: 29.308947 | H21: 60903.992 | I21: 43.523648 | J21: 11.867164 | K21: 15.580346 | L21: 43.639009 | M21: 37.407451 | N21: 13.262095 | O21: 5.757163 | P21: 39.6316 | Q21: 547.42839 | R21: 3.032945 | S21: 1191.5852 | T21: 1197.1256 | AP21: 1.4889313 | AQ21: 1.3522014 | AU21: 0.99735647 | AV21: 0.27193936 | AW21: 0.35702795 | AX21: 0.9438794 | AY21: 0.33463436 | AZ21: 0.14526698
A22: CF99002 | B22: 1999 Ford Windstar | C22: minivan | D22: Hybrid III | E22: 1992 | F22: 70.452871 | G22: 28.836047 | H22: 57441.406 | I22: 39.665149 | J22: 8.482065 | K22: 23.251302 | L22: 44.226946 | M22: 28.388246 | N22: 9.205007 | O22: 9.365435 | P22: 29.365397 | Q22: 309.912 | R22: 237.90941 | S22: 1097.4408 | T22: 1097.4537 | AP22: 1.5337382 | AQ22: 1.0183572 | AU22: 0.8968548 | AV22: 0.191785 | AW22: 0.52572705 | AX22: 0.96672441 | AY22: 0.31346442 | AZ22: 0.31892758
AO24: average | AP24: =AVERAGE(AP2:AP22) -> 1.832815 | AQ24: =AVERAGE(AQ2:AQ22) -> 1.2670827 | AR24: =AVERAGE(AR2:AR22) -> 2.2846727 | AS24: =AVERAGE(AS2:AS22) -> 1.2872725 | AT24: =AVERAGE(AT2:AT22) -> 1.3889568 | AU24: =AVERAGE(AU2:AU22) -> 0.90224266 | AV24: =AVERAGE(AV2:AV22) -> 0.31170804 | AW24: =AVERAGE(AW2:AW22) -> 0.44727251 | ... BI24: =AVERAGE(BI2:BI22) -> 0.68158546
AO25: st dev | AP25: =_xlfn.STDEV.S(AP2:AP22) -> 0.71425005 | AQ25: =_xlfn.STDEV.S(AQ2:AQ22) -> 0.15780878 | AR25: =_xlfn.STDEV.S(AR2:AR22) -> 0.77947815 | AS25: =_xlfn.STDEV.S(AS2:AS22) -> 0.20791914 | AT25: =_xlfn.STDEV.S(AT2:AT22) -> 0.22863624 | AU25: =_xlfn.STDEV.S(AU2:AU22) -> 0.077427419 | AV25: =_xlfn.STDEV.S(AV2:AV22) -> 0.17797226 | AW25: =_xlfn.STDEV.S(AW2:AW22) -> 0.12410303 | ... BI25: =_xlfn.STDEV.S(BI2:BI22) -> 0.13482542

Sheet Pickup
A1: Test ID | B1: Vehicle Info | C1: Vehicle Type | D1: ATD | E1: Vehicle Test Weight (kg) | F1: Vehicle dV (kph) | G1: Vehicle Peak a (g) | H1: Vehicle Peak F (N) | I1: Driver Head Peak a - x (g) | J1: Driver Head Peak a - y (g) | K1: Driver Head Peak a - z (g) | L1: Driver Head Peak a - R (g) | M1: Driver Chest Peak a - x (g) | N1: Driver Chest Peak a - y (g) | O1: Driver Chest Peak a - z (g) | P1: Driver Chest Peak a - R (g) | Q1: Driver Upper Neck Peak F - x (N) | R1: Driver Upper Neck Peak F - z Compression (N) | S1: Driver Upper Neck Peak F - z Tension (N) | T1: Driver Upper Neck Peak F - R (N) | U1: Passenger Head Peak a - x (g) | V1: Passenger Head Peak a - y (g) | W1: Passenger Head Peak a - z (g) | X1: Passenger Head Peak a - R (g) | Y1: Passenger Chest Peak a - x (g) | Z1: Passenger Chest Peak a - y (g) | AA1: Passenger Chest Peak a - z (g) | AB1: Passenger Chest Peak a - R (g) | AC1: Passenger Pelvis Peak a - x (g) | AD1: Passenger Pelvis Peak a - y (g) | AE1: Passenger Pelvis Peak a - z (g) | AF1: Passenger Pelvis Peak a - R (g) | AG1: Passenger Upper Neck Peak F - x (N) | AH1: Passenger Upper Neck Peak F - z Compression (N) | AI1: Passenger Upper Neck Peak F - z Tension (N) | AJ1: Passenger Upper Neck Peak F - R (N) | AK1: Passenger Lumbar Peak F - x (N) | AL1: Passenger Lumbar Peak F - z Compression (N) | AM1: Passenger Lumbar Peak F - z Tension (N) | AN1: Passenger Lumbar Peak F - R (N) | AP1: Resultant Driver Head a / Vehicle Peak a | AQ1: Resultant Driver Chest a / Vehicle Peak a | AR1: Resultant Passenger Head a / Vehicle Peak a | AS1: Resultant Passenger Chest a / Vehicle Peak a | AT1: Resultant Passenger Pelvis a / Vehicle Peak a | AU1: Driver Head a x / Head a r | AV1: Driver Head a y / Head a r | AW1: Driver Head a z / Head a r | AX1: Driver Chest a x / Chest a r | AY1: Driver Chest a y / Chest a r | AZ1: Driver Chest a z / Chest a r | BA1: Passenger Head a x / Head a r | BB1: Passenger Head a y / Head a r | BC1: Passenger Head a z / Head a r | BD1: Passenger Chest a x / Chest a r | BE1: Passenger Chest a y / Chest a r | BF1: Passenger Chest a z / Chest a r | BG1: Passenger Pelvis a x / Pelvis a r | BH1: Passenger Pelvis a y / Pelvis a r | BI1: Passenger Pelvis a z / Pelvis a r
A2: CEF0107 | B2: 2001 Chevrolet Silverado | C2: pickup | D2: Hybrid III | E2: 2264 | F2: 67.6482 | G2: 46.3877 | H2: 105021.75 | I2: 60.056 | J2: 25.6974 | K2: 183.6205 | L2: 183.6345 | M2: 52.9159 | N2: 16.7661 | O2: 16.8583 | P2: 54.2619 | Q2: 617.6244 | R2: 219.9365 | S2: 1936.9985 | T2: 2020.4381 | AP2: 3.9586895 | AQ2: 1.1697476 | AU2: 0.32704094 | AV2: 0.13993776 | AW2: 0.99992376 | AX2: 0.97519438 | AY2: 0.30898476 | AZ2: 0.31068392
A3: CEF0108 | B3: 2001 Toyota Tundra | C3: pickup | D3: Hybrid III | E3: 2106 | F3: 70.8081 | G3: 65.0128 | H3: 136916.96 | I3: 48.6508 | J3: 7.47 | K3: 22.1305 | L3: 48.9136 | M3: 36.7367 | N3: 15.858 | O3: 18.3634 | P3: 40.7231 | Q3: 476.7187 | R3: 40.7152 | S3: 1171.2829 | T3: 1246.7918 | AP3: 0.75236876 | AQ3: 0.62638588 | AU3: 0.99462726 | AV3: 0.15271826 | AW3: 0.45244063 | AX3: 0.90210961 | AY3: 0.38941043 | AZ3: 0.45093325
A4: CEF0109 | B4: 2001 Dodge Ram 1500 | C4: pickup | D4: Hybrid III | E4: 2353 | F4: 68.7353 | G4: 40.8677 | H4: 96161.698 | I4: 133.7199 | J4: 24.014 | K4: 26.0053 | L4: 133.8521 | M4: 53.6818 | N4: 10.9374 | O4: 18.7253 | P4: 54.7151 | Q4: 1304.7856 | R4: 597.3717 | S4: 5104.6287 | T4: 5104.6303 | AP4: 3.2752541 | AQ4: 1.3388348 | AU4: 0.99901234 | AV4: 0.17940697 | AW4: 0.19428384 | AX4: 0.9811149 | AY4: 0.19989729 | AZ4: 0.34223277
A5: CEF0110 | B5: 2001 Ford F-150 | C5: pickup | D5: Hybrid III | E5: 2156 | F5: 68.9597 | G5: 29.7763 | H5: 64197.703 | I5: 131.5212 | J5: 27.3575 | K5: 43.6351 | L5: 134.4256 | M5: 34.2908 | N5: 24.8862 | O5: 15.0993 | P5: 43.1727 | Q5: 960.4613 | R5: 54.3135 | S5: 4851.6771 | T5: 4923.8669 | AP5: 4.5145166 | AQ5: 1.4499014 | AU5: 0.978394 | AV5: 0.20351406 | AW5: 0.32460409 | AX5: 0.79427045 | AY5: 0.57643372 | AZ5: 0.34974185
A6: CEF0128 | B6: 2002 Dodge Ram 1500 | C6: pickup | D6: Hybrid III | E6: 2370 | F6: 71.113112 | G6: 29.571676 | H6: 70084.872 | I6: 38.298042 | J6: 13.615371 | K6: 15.278954 | L6: 41.259236 | M6: 25.957199 | N6: 12.389658 | O6: 6.324419 | P6: 26.885795 | Q6: 456.76483 | R6: 64.869495 | S6: 784.71165 | T6: 849.26161 | AP6: 1.3952282 | AQ6: 0.90917387 | AU6: 0.92822955 | AV6: 0.32999571 | AW6: 0.37031597 | AX6: 0.96546146 | AY6: 0.46082543 | AZ6: 0.23523273
A7: CEF0328 | B7: 2004 Ford F150 | C7: pickup | D7: Hybrid III | E7: 2456 | F7: 70.36123 | G7: 43.185123 | H7: 106062.66 | I7: 40.578565 | J7: 18.492622 | K7: 17.320506 | L7: 45.664753 | M7: 35.121328 | N7: 14.815275 | O7: 6.187641 | P7: 36.778143 | Q7: 518.97077 | R7: 98.795802 | S7: 1463.3529 | T7: 1466.2824 | AP7: 1.0574186 | AQ7: 0.85163919 | AU7: 0.88861895 | AV7: 0.4049649 | AW7: 0.37929705 | AX7: 0.9549511 | AY7: 0.40282825 | AZ7: 0.16824234
A8: CEF0412 | B8: 2004 Nissan Titan | C8: pickup | D8: Hybrid III | E8: 2300 | F8: 72.106394 | G8: 36.788462 | H8: 84613.463 | I8: 65.809774 | J8: 33.221039 | K8: 30.882822 | L8: 71.559268 | M8: 37.056972 | N8: 20.399201 | O8: 14.651996 | P8: 40.062493 | Q8: 475.4381 | R8: 212.99156 | S8: 1537.3389 | T8: 1568.1566 | AP8: 1.9451552 | AQ8: 1.0889961 | AU8: 0.9196541 | AV8: 0.46424509 | AW8: 0.43156984 | AX8: 0.92497918 | AY8: 0.50918451 | AZ8: 0.36572851
A9: CEF0503 | B9: 2005 Dodge Dakota | C9: pickup | D9: Hybrid III | E9: 2052 | F9: 70.519167 | G9: 38.610641 | H9: 79229.035 | I9: 31.865658 | J9: 7.733616 | K9: 26.211547 | L9: 36.374256 | M9: 27.683576 | N9: 13.471014 | O9: 13.012339 | P9: 31.733847 | Q9: 669.05111 | R9: 95.222404 | S9: 1088.1461 | T9: 1088.4219 | AP9: 0.94207853 | AQ9: 0.82189381 | AU9: 0.87604975 | AV9: 0.21261235 | AW9: 0.7206071 | AX9: 0.87236748 | AY9: 0.42449987 | AZ9: 0.41004606
A10: CEF0504 | B10: 2005 Nissan Frontier | C10: pickup | D10: Hybrid III | E10: 1977 | F10: 71.237442 | G10: 34.404772 | H10: 68018.234 | I10: 48.471581 | J10: 27.457286 | K10: 34.506129 | L10: 53.13203 | M10: 35.88473 | N10: 18.272251 | O10: 8.779579 | P10: 38.645588 | Q10: 480.59723 | R10: 81.684581 | S10: 1484.7228 | T10: 1531.0312 | AP10: 1.5443215 | AQ10: 1.1232624 | AU10: 0.91228551 | AV10: 0.51677465 | AW10: 0.64944119 | AX10: 0.92855956 | AY10: 0.47281597 | AZ10: 0.22718192
A11: CEF0506 | B11: 2005 Chevrolet Colorado | C11: pickup | D11: Hybrid III | E11: 1756 | F11: 70.627557 | G11: 31.740237 | H11: 55735.856 | I11: 68.911153 | J11: 9.765816 | K11: 10.20151 | L11: 69.143386 | M11: 48.442675 | N11: 12.218174 | O11: 5.483488 | P11: 48.469407 | Q11: 757.22011 | R11: 37.471792 | S11: 1790.1174 | T11: 1914.385 | AP11: 2.1784143 | AQ11: 1.5270651 | AU11: 0.99664128 | AV11: 0.14124006 | AW11: 0.14754137 | AX11: 0.99944848 | AY11: 0.25208012 | AZ11: 0.11313297
A12: CEF0507 | B12: 2005 Ford Ranger | C12: pickup | D12: Hybrid III | E12: 1726 | F12: 67.44309 | G12: 35.277007 | H12: 60888.114 | I12: 57.982907 | J12: 14.172292 | K12: 18.608442 | L12: 60.156844 | M12: 32.011803 | N12: 14.840908 | O12: 9.979052 | P12: 32.686602 | Q12: 424.3708 | R12: 429.74645 | S12: 1135.121 | T12: 1149.5753 | AP12: 1.7052706 | AQ12: 0.92656959 | AU12: 0.96386218 | AV12: 0.23558902 | AW12: 0.30933209 | AX12: 0.97935549 | AY12: 0.45403643 | AZ12: 0.30529487
A13: CEF0510 | B13: 2005 Toyota Tacoma | C13: pickup | D13: Hybrid III | E13: 1826 | F13: 72.575815 | G13: 34.118683 | H13: 62300.715 | I13: 69.366137 | J13: 39.337602 | K13: 44.685939 | L13: 88.84727 | M13: 32.468675 | N13: 21.419329 | O13: 20.354612 | P13: 42.086083 | Q13: 321.55408 | R13: 922.39015 | S13: 1934.1397 | T13: 1936.8694 | AP13: 2.6040651 | AQ13: 1.2335202 | AU13: 0.78073459 | AV13: 0.44275533 | AW13: 0.5029523 | AX13: 0.77148246 | AY13: 0.5089409 | AZ13: 0.48364235
... A23: CEF1701 (Driver) | B23: 2017 Toyota Tacoma | C23: pickup | D23: Hybrid III | E23: 1988 | F23: 71.777798 | G23: 43.173967 | H23: 85829.847 | I23: 57.040085 | J23: 51.870691 | K23: 27.358744 | L23: 80.394725 | M23: 33.445278 | N23: 27.33134 | O23: 18.930808 | P23: 44.603857 | Q23: 428.7484 | R23: 110.62316 | S23: 1355.9684 | T23: 1385.1758 | AP23: 1.8621111 | AQ23: 1.0331193 | AU23: 0.70950035 | AV23: 0.64520019 | AW23: 0.34030521 | AX23: 0.74982928 | AY23: 0.61275732 | AZ23: 0.42442088
A24: CEF2215 | B24: 2022 Chevrolet Colorado | C24: pickup | D24: Hybrid III | E24: 2227 | F24: 68.587349 | G24: 41.698531 | H24: 92862.628 | I24: 42.683166 | J24: 16.716534 | K24: 23.137786 | L24: 46.385029 | M24: 38.409062 | N24: 7.5224061 | O24: 13.284105 | P24: 39.215405 | Q24: 506.34682 | R24: 58.716695 | S24: 752.79192 | T24: 876.82305 | U24: 53.491362 | V24: 12.187192 | W24: 68.517458 | X24: 75.896643 | Y24: 44.096198 | Z24: 21.039283 | AA24: 14.304141 | AB24: 47.796145 | AC24: 50.57647 | AD24: 18.773587 | AE24: 22.357494 | AF24: 53.987935 | AG24: 1300.3265 | AH24: 1712.2179 | AI24: 2643.1784 | AJ24: 2945.6562 | AK24: 2332.0117 | AL24: 708.69975 | AM24: 1746.9385 | AN24: 2816.6006 | AP24: 1.11239 | AQ24: 0.94045053 | AR24: 1.8201275 | AS24: 1.1462309 | AT24: 1.2947203 | AU24: 0.92019273 | AV24: 0.36038642 | AW24: 0.49882014 | AX24: 0.97943809 | AY24: 0.19182273 | AZ24: 0.3387471 | BA24: 0.7047922 | BB24: 0.16057616 | BC24: 0.90277324 | BD24: 0.92258901 | BE24: 0.44018786 | BF24: 0.29927394 | BG24: 0.93681061 | BH24: 0.34773672 | BI24: 0.4141202
A25: CEF2216 | B25: 2022 Ford Ranger | C25: pickup | D25: Hybrid III | E25: 2210 | F25: 65.704784 | G25: 36.481235 | H25: 80623.53 | I25: 36.699796 | J25: 7.6022991 | K25: 28.767643 | L25: 41.172528 | M25: 36.528676 | N25: 10.34708 | O25: 15.183486 | P25: 39.811559 | Q25: 717.99685 | R25: 29.302929 | S25: 1157.8369 | T25: 1260.8726 | U25: 35.968581 | V25: 11.4435 | W25: 53.511359 | X25: 59.827082 | Y25: 37.719568 | Z25: 29.982818 | AA25: 11.858305 | AB25: 47.741558 | AC25: 49.533253 | AD25: 18.06651 | AE25: 29.668446 | AF25: 56.484779 | AG25: 1149.4643 | AH25: 433.42204 | AI25: 1940.9123 | AJ25: 2100.276 | AK25: 1126.4788 | AL25: 460.38376 | AM25: 1811.4471 | AN25: 1982.7789 | AP25: 1.1285947 | AQ25: 1.0912887 | AR25: 1.6399412 | AS25: 1.3086607 | AT25: 1.5483242 | AU25: 0.89136611 | AV25: 0.18464494 | AW25: 0.69870967 | AX25: 0.91753945 | AY25: 0.2599014 | AZ25: 0.38138387 | BA25: 0.60120902 | BB25: 0.19127626 | BC25: 0.89443371 | BD25: 0.79007828 | BE25: 0.62802345 | BF25: 0.24838538 | BG25: 0.87693099 | BH25: 0.31984741 | BI25: 0.52524674
A26: CEF2218 | B26: 2022 Nissan Frontier | C26: pickup | D26: Hybrid III | E26: 2297 | F26: 68.192711 | G26: 36.669518 | H26: 84229.882 | I26: 57.959694 | J26: 22.085538 | K26: 18.850516 | L26: 60.193499 | M26: 43.583549 | N26: 19.465792 | O26: 9.6807599 | P26: 47.722543 | Q26: 357.688 | R26: 17.111824 | S26: 1190.7989 | T26: 1242.3891 | U26: 37.381302 | V26: 17.915151 | W26: 47.676494 | X26: 62.420543 | Y26: 31.674112 | Z26: 19.459286 | AA26: 14.132561 | AB26: 35.821695 | AC26: 42.499019 | AD26: 21.472962 | AE26: 25.162795 | AF26: 45.429048 | AG26: 798.857 | AH26: 1349.4314 | AI26: 1689.7516 | AJ26: 1818.7534 | AK26: 1607.7522 | AL26: 1099.1409 | AM26: 1974.5121 | AN26: 2368.1005 | AP26: 1.6415133 | AQ26: 1.3014227 | AR26: 1.7022461 | AS26: 0.97687936 | AT26: 1.2388777 | AU26: 0.9628896 | AV26: 0.36690902 | AW26: 0.31316531 | AX26: 0.91326962 | AY26: 0.40789512 | AZ26: 0.20285507 | BA26: 0.59886217 | BB26: 0.28700729 | BC26: 0.76379493 | BD26: 0.88421588 | BE26: 0.54322628 | BF26: 0.39452518 | BG26: 0.9355032 | BH26: 0.47267032 | BI26: 0.5538922
A27: CEF2219 | B27: 2022 Jeep Gladiator | C27: pickup | D27: Hybrid III | E27: 2314 | F27: 70.481758 | G27: 42.003914 | H27: 97197.058 | I27: 43.429213 | J27: 8.1910592 | K27: 22.093673 | L27: 44.802107 | M27: 34.926921 | N27: 11.913491 | O27: 12.721337 | P27: 36.59332 | Q27: 373.24323 | R27: 106.30989 | S27: 1150.1832 | T27: 1157.7167 | U27: 48.576502 | V27: 9.4089972 | W27: 54.837505 | X27: 67.855386 | Y27: 45.525207 | Z27: 23.92437 | AA27: 9.6829372 | AB27: 46.107538 | AC27: 36.761889 | AD27: 17.45977 | AE27: 21.924387 | AF27: 41.74878 | AG27: 1433.8485 | AH27: 671.19781 | AI27: 2730.0859 | AJ27: 3072.698 | AK27: 1428.84 | AL27: 496.40082 | AM27: 841.07576 | AN27: 1570.2585 | AP27: 1.0666174 | AQ27: 0.87118833 | AR27: 1.6154539 | AS27: 1.0976962 | AT27: 0.99392594 | AU27: 0.96935649 | AV27: 0.18282754 | AW27: 0.49313914 | AX27: 0.95446166 | AY27: 0.32556463 | AZ27: 0.34764098 | BA27: 0.71588278 | BB27: 0.1386625 | BC27: 0.80815258 | BD27: 0.98737015 | BE27: 0.51888196 | BF27: 0.21000768 | BG27: 0.88055003 | BH27: 0.4182103 | BI27: 0.52515036
A28: CEF2220 | B28: 2022 Toyota Tacoma | C28: pickup | D28: Hybrid III | E28: 2223 | F28: 69.91818 | G28: 40.024057 | H28: 88973.479 | I28: 56.97692 | J28: 40.9396 | K28: 29.60127 | L28: 70.458773 | M28: 38.801295 | N28: 22.676702 | O28: 20.594315 | P28: 45.472714 | Q28: 539.64781 | R28: 120.08054 | S28: 1553.8468 | T28: 1581.1968 | U28: 74.414097 | V28: 13.65635 | W28: 94.465219 | X28: 102.62985 | Y28: 62.764496 | Z28: 18.326683 | AA28: 11.756649 | AB28: 63.304872 | AC28: 63.539924 | AD28: 18.578146 | AE28: 36.876274 | AF28: 69.907732 | AG28: 1695.6576 | AH28: 196.51401 | AI28: 3459.356 | AJ28: 3832.8149 | AK28: 3085.7086 | AL28: 507.96866 | AM28: 2017.8057 | AN28: 3155.2066 | AP28: 1.7604106 | AQ28: 1.1361345 | AR28: 2.564204 | AS28: 1.5816705 | AT28: 1.7466428 | AU28: 0.80865615 | AV28: 0.58104333 | AW28: 0.42012185 | AX28: 0.85328744 | AY28: 0.49868811 | AZ28: 0.45289391 | BA28: 0.72507268 | BB28: 0.13306412 | BC28: 0.92044588 | BD28: 0.99146391 | BE28: 0.28949877 | BF28: 0.18571475 | BG28: 0.90891124 | BH28: 0.26575238 | BI28: 0.52749922
A29: CEF2228 | B29: 2022 Rivian R1T | C29: pickup | D29: Hybrid III | E29: 3321 | F29: 69.230332 | G29: 31.412942 | H29: 104322.38 | I29: 40.965389 | J29: 6.4923938 | K29: 29.039682 | L29: 43.800543 | M29: 34.826487 | N29: 7.6540909 | O29: 17.04859 | P29: 35.143744 | Q29: 298.02559 | R29: 50.492963 | S29: 1447.2937 | T29: 1463.353 | AP29: 1.3943471 | AQ29: 1.1187664 | AU29: 0.93527127 | AV29: 0.14822633 | AW29: 0.66299822 | AX29: 0.99097258 | AY29: 0.21779384 | AZ29: 0.48511024
A30: CEF2317 | B30: 2023 Chevrolet Silverado | C30: pickup | D30: Hybrid III | E30: 2449 | F30: 72.563778 | G30: 68.793011 | H30: 168474.08 | I30: 33.142141 | J30: 68.246907 | K30: 18.653946 | L30: 75.83548 | M30: 30.95612 | N30: 10.903026 | O30: 12.314391 | P30: 32.875014 | Q30: 528.04886 | R30: 523.70734 | S30: 873.651 | T30: 925.7613 | U30: 41.456638 | V30: 13.260414 | W30: 56.060055 | X30: 68.807455 | Y30: 38.802151 | Z30: 26.358345 | AA30: 16.227377 | AB30: 46.897358 | AC30: 30.239731 | AD30: 17.841353 | AE30: 20.825613 | AF30: 36.024263 | AG30: 1143.5261 | AH30: 300.12191 | AI30: 2646.8942 | AJ30: 2869.6038 | AK30: 3318.4061 | AL30: 925.62735 | AM30: 1272.3113 | AN30: 3515.0641 | AP30: 1.1023719 | AQ30: 0.47788306 | AR30: 1.00021 | AS30: 0.6817169 | AT30: 0.52366168 | AU30: 0.43702686 | AV30: 0.89993374 | AW30: 0.24597914 | AX30: 0.9416306 | AY30: 0.33165084 | AZ30: 0.37458207 | BA30: 0.60250213 | BB30: 0.1927177 | BC30: 0.81473809 | BD30: 0.82738459 | BE30: 0.56204328 | BF30: 0.34601901 | BG30: 0.83942676 | BH30: 0.49525934 | BI30: 0.57809961
A31: CEF2318 | B31: 2023 Toyota Tundra | C31: pickup | D31: Hybrid III | E31: 2798 | F31: 69.096988 | G31: 50.329497 | H31: 140821.93 | I31: 32.901256 | J31: 18.311845 | K31: 30.176481 | L31: 41.857394 | M31: 31.486918 | N31: 14.896918 | O31: 20.377109 | P31: 37.475341 | Q31: 415.84662 | R31: 36.236207 | S31: 1252.9174 | T31: 1270.0663 | U31: 41.886244 | V31: 26.272982 | W31: 40.772245 | X31: 61.226314 | Y31: 24.291307 | Z31: 32.496957 | AA31: 23.270225 | AB31: 39.292929 | AC31: 37.458639 | AD31: 23.91728 | AE31: 34.397282 | AF31: 45.447803 | AG31: 1362.7952 | AH31: 168.33392 | AI31: 2206.2495 | AJ31: 2572.8192 | AK31: 4868.5348 | AL31: 2301.9799 | AM31: 641.29168 | AN31: 4871.1537 | AP31: 0.83166723 | AQ31: 0.74459995 | AR31: 1.2165096 | AS31: 0.78071371 | AT31: 0.9030053 | AU31: 0.78603212 | AV31: 0.43748174 | AW31: 0.72093551 | AX31: 0.84020364 | AY31: 0.39751254 | AZ31: 0.54374713 | BA31: 0.6841216 | BB31: 0.42911259 | BC31: 0.66592682 | BD31: 0.61821066 | BE31: 0.8270434 | BF31: 0.59222424 | BG31: 0.82421232 | BH31: 0.52625822 | BI31: 0.75685247
A32: CEF2329 | B32: 2023 Ram 1500 | C32: pickup | D32: Hybrid III | E32: 2566 | F32: 67.178255 | G32: 31.414404 | H32: 80609.36 | I32: 31.088403 | J32: 18.081802 | K32: 21.394999 | L32: 38.82514 | M32: 27.670732 | N32: 11.664257 | O32: 11.969741 | P32: 31.92785 | Q32: 680.53697 | R32: 54.356732 | S32: 530.66996 | T32: 718.85059 | U32: 58.22979 | V32: 27.484651 | W32: 60.711898 | X32: 81.269648 | Y32: 36.253767 | Z32: 32.514757 | AA32: 15.93497 | AB32: 45.648384 | AC32: 43.146179 | AD32: 13.537874 | AE32: 23.550738 | AF32: 47.074399 | AG32: 1260.7921 | AH32: 790.5952 | AI32: 3374.0443 | AJ32: 3568.3092 | AK32: 5944.4544 | AL32: 954.05597 | AM32: 2159.4652 | AN32: 6157.9378 | AP32: 1.2359025 | AQ32: 1.0163443 | AR32: 2.5870186 | AS32: 1.4531036 | AT32: 1.4984973 | AU32: 0.80072868 | AV32: 0.46572405 | AW32: 0.55106044 | AX32: 0.86666445 | AY32: 0.36533174 | AZ32: 0.37489969 | BA32: 0.71650107 | BB32: 0.33819085 | BC32: 0.74704271 | BD32: 0.79419608 | BE32: 0.71228715 | BF32: 0.3490807 | BG32: 0.91655296 | BH32: 0.28758464 | BI32: 0.50028761
A33: CEF2331 | B33: 2023 Ford Maverick | C33: pickup | D33: Hybrid III | E33: 1878 | F33: 68.27238 | G33: 35.76606 | H33: 67168.66 | I33: 33.502711 | J33: 8.5448758 | K33: 28.806424 | L33: 41.083775 | M33: 31.840197 | N33: 9.8299998 | O33: 17.174813 | P33: 33.633789 | Q33: 542.66679 | R33: 111.1368 | S33: 967.42509 | T33: 975.32172 | U33: 64.102553 | V33: 13.55657 | W33: 55.444109 | X33: 69.763516 | Y33: 30.341082 | Z33: 26.281619 | AA33: 11.227566 | AB33: 39.207104 | AC33: 34.307606 | AD33: 23.360289 | AE33: 28.096431 | AF33: 45.995631 | AG33: 857.82557 | AH33: 729.96206 | AI33: 1996.1508 | AJ33: 2158.065 | AK33: 1210.031 | AL33: 1234.3694 | AM33: 1967.4827 | AN33: 1974.3894 | AP33: 1.1486805 | AQ33: 0.94038285 | AR33: 1.9505508 | AS33: 1.0962098 | AT33: 1.2860134 | AU33: 0.81547304 | AV33: 0.20798663 | AW33: 0.70116303 | AX33: 0.94667293 | AY33: 0.29226561 | AZ33: 0.51064163 | BA33: 0.91885497 | BB33: 0.19432177 | BC33: 0.79474362 | BD33: 0.77386694 | BE33: 0.67032799 | BF33: 0.28636561 | BG33: 0.74588837 | BH33: 0.5078806 | BI33: 0.61085001
A34: CEF2332 | B34: 2023 Ford F-150 | C34: pickup | D34: Hybrid III | E34: 2421 | F34: 65.724943 | G34: 54.165433 | H34: 131134.51 | I34: 51.9648 | J34: 18.115896 | K34: 20.148771 | L34: 56.394988 | M34: 37.166373 | N34: 11.052685 | O34: 18.698546 | P34: 41.045426 | Q34: 1095.4976 | R34: 385.77982 | S34: 1190.9501 | T34: 1584.7986 | U34: 59.191996 | V34: 39.503842 | W34: 47.449342 | X34: 84.361552 | Y34: 28.612016 | Z34: 37.233099 | AA34: 20.389064 | AB34: 44.415741 | AC34: 36.932661 | AD34: 16.586097 | AE34: 25.628044 | AF34: 44.084491 | AG34: 1653.2554 | AH34: 492.40505 | AI34: 3063.3391 | AJ34: 3463.8251 | AK34: 1536.9295 | AL34: 2801.22 | AM34: 1070.2623 | AN34: 3077.0778 | AP34: 1.041162 | AQ34: 0.75777896 | AR34: 1.5574795 | AS34: 0.82000158 | AT34: 0.81388605 | AU34: 0.92144358 | AV34: 0.32123237 | AW34: 0.35727946 | AX34: 0.90549366 | AY34: 0.26927934 | AZ34: 0.45555737 | BA34: 0.70164661 | BB34: 0.46826832 | BC34: 0.56245222 | BD34: 0.6441864 | BE34: 0.83828611 | BF34: 0.45905041 | BG34: 0.83776995 | BH34: 0.37623429 | BI34: 0.58133922
A35: CEF2414 | B35: 2024 Rivian R1T | C35: pickup | D35: Hybrid III | E35: 3269 | F35: 69.256483 | G35: 41.822718 | H35: 136718.47 | I35: 40.028964 | J35: 6.4245713 | K35: 23.118363 | L35: 43.339091 | M35: 28.068726 | N35: 5.8526492 | O35: 14.202032 | P35: 29.635663 | Q35: 492.57565 | R35: 64.685641 | S35: 1131.8684 | T35: 1158.2912 | U35: 32.657563 | V35: 11.547613 | W35: 33.387635 | X35: 39.197282 | Y35: 25.068992 | Z35: 18.656534 | AA35: 12.289007 | AB35: 30.932755 | AC35: 22.870703 | AD35: 11.293314 | AE35: 15.440792 | AF35: 27.290404 | AG35: 760.69479 | AH35: 268.82481 | AI35: 1375.8046 | AJ35: 1531.4346 | AK35: 540.70877 | AL35: 1582.589 | AM35: 738.67748 | AN35: 1606.503 | AP35: 1.0362572 | AQ35: 0.70860202 | AR35: 0.93722465 | AS35: 0.73961608 | AT35: 0.65252584 | AU35: 0.9236226 | AV35: 0.14823964 | AW35: 0.5334298 | AX35: 0.94712666 | AY35: 0.1974867 | AZ35: 0.47922101 | BA35: 0.83315887 | BB35: 0.29460239 | BC35: 0.85178445 | BD35: 0.81043515 | BE35: 0.60313199 | BF35: 0.39728137 | BG35: 0.83804925 | BH35: 0.41381997 | BI35: 0.56579564
A36: CEF2428 | B36: 2024 Hyundai Santa Cruz | C36: pickup | D36: Hybrid III | E36: 1973 | F36: 70.00551 | G36: 41.432594 | H36: 81746.509 | I36: 52.240888 | J36: 16.588547 | K36: 17.353722 | L36: 55.780544 | M36: 36.015386 | N36: 12.667374 | O36: 9.6008716 | P36: 38.056519 | Q36: 651.59463 | R36: 53.812414 | S36: 709.63231 | T36: 770.88091 | U36: 38.424743 | V36: 19.09398 | W36: 58.571487 | X36: 64.124555 | Y36: 28.117209 | Z36: 35.156369 | AA36: 23.321755 | AB36: 42.676494 | AC36: 34.39884 | AD36: 18.820543 | AE36: 32.645251 | AF36: 43.650884 | AG36: 766.2124 | AH36: 123.50252 | AI36: 2087.1136 | AJ36: 2219.6262 | AK36: 761.50781 | AL36: 2977.5458 | AM36: 907.71988 | AN36: 2980.1492 | AP36: 1.3462962 | AQ36: 0.91851644 | AR36: 1.5476838 | AS36: 1.0300222 | AT36: 1.0535397 | AU36: 0.93654319 | AV36: 0.29738949 | AW36: 0.31110708 | AX36: 0.94636574 | AY36: 0.33285687 | AZ36: 0.25227929 | BA36: 0.59922042 | BB36: 0.29776393 | BC36: 0.91340185 | BD36: 0.65884534 | BE36: 0.82378765 | BF36: 0.54647776 | BG36: 0.78804451 | BH36: 0.43116063 | BI36: 0.74787147
A37: CEF2448 | B37: 2025 Rivian R1T | C37: pickup | D37: Hybrid III | E37: 3250 | F37: 69.615045 | G37: 56.049165 | H37: 182159.79 | I37: 38.865977 | J37: 7.59598 | K37: 21.577439 | L37: 40.669714 | M37: 28.090497 | N37: 8.6552229 | O37: 11.009988 | P37: 29.283912 | Q37: 283.7551 | R37: 54.38032 | S37: 998.07969 | T37: 1025.3155 | U37: 36.56044 | V37: 17.417082 | W37: 35.104528 | X37: 46.198321 | Y37: 21.130873 | Z37: 21.794161 | AA37: 15.034033 | AB37: 30.356273 | AC37: 22.089007 | AD37: 12.248522 | AE37: 22.041443 | AF37: 29.321384 | AG37: 952.27309 | AH37: 247.5517 | AI37: 1587.052 | AJ37: 1835.3699 | AK37: 1034.4294 | AL37: 2096.321 | AM37: 640.43954 | AN37: 2278.381 | AP37: 0.72560785 | AQ37: 0.52246831 | AR37: 0.82424638 | AS37: 0.54160081 | AT37: 0.52313686 | AU37: 0.95564913 | AV37: 0.1867724 | AW37: 0.530553 | AX37: 0.95924671 | AY37: 0.29556238 | AZ37: 0.37597395 | BA37: 0.79138028 | BB37: 0.37700681 | BC37: 0.75986588 | BD37: 0.69609576 | BE37: 0.71794588 | BF37: 0.49525292 | BG37: 0.7533412 | BH37: 0.41773343 | BI37: 0.75171905
A38: CEF2454 | B38: 2025 Toyota Tundra | C38: pickup | D38: Hybrid III | E38: 2719 | F38: 65.457374 | G38: 33.672115 | H38: 91554.481 | I38: 35.694747 | J38: 16.73303 | K38: 26.023848 | L38: 41.511729 | M38: 28.667413 | N38: 14.073864 | O38: 19.540291 | P38: 34.963957 | Q38: 307.45157 | R38: 30.982266 | S38: 1131.8409 | T38: 1158.8999 | U38: 24.775871 | V38: 14.54986 | W38: 42.182826 | X38: 48.17075 | Y38: 22.579207 | Z38: 27.264372 | AA38: 20.628959 | AB38: 37.372154 | AC38: 32.557323 | AD38: 20.837076 | AE38: 22.30705 | AF38: 41.37811 | AG38: 754.69713 | AH38: 372.59273 | AI38: 1548.5222 | AJ38: 1687.213 | AK38: 1138.6762 | AL38: 817.44217 | AM38: 1233.4676 | AN38: 1623.601 | AP38: 1.2328221 | AQ38: 1.0383653 | AR38: 1.4305828 | AS38: 1.1098843 | AT38: 1.2288539 | AU38: 0.85987136 | AV38: 0.40309163 | AW38: 0.62690349 | AX38: 0.81991328 | AY38: 0.40252493 | AZ38: 0.55886954 | BA38: 0.51433435 | BB38: 0.30204762 | BC38: 0.87569378 | BD38: 0.60417194 | BE38: 0.72953708 | BF38: 0.55198742 | BG38: 0.7868248 | BH38: 0.50357728 | BI38: 0.53910268
A39: CEF2516 | B39: 2024 Toyota Tacoma | C39: pickup | D39: Hybrid III | E39: 2284 | F39: 70.894147 | G39: 38.429764 | H39: 87773.58 | I39: 29.96823 | J39: 12.401974 | K39: 26.430013 | L39: 117.39781 | M39: 32.004821 | N39: 10.417427 | O39: 15.096894 | P39: 35.669449 | Q39: 325.60851 | R39: 102.869 | S39: 1170.3135 | T39: 1186.0271 | U39: 32.296746 | V39: 19.375889 | W39: 53.23482 | X39: 63.00182 | Y39: 32.797815 | Z39: 34.270487 | AA39: 11.002971 | AB39: 46.616787 | AC39: 31.031504 | AD39: 17.782315 | AE39: 16.047645 | AF39: 35.824996 | AG39: 844.06948 | AH39: 600.68783 | AI39: 1691.2438 | AJ39: 1869.1068 | AK39: 704.36396 | AL39: 445.0755 | AM39: 978.04936 | AN39: 994.58632 | AP39: 3.0548668 | AQ39: 0.92817249 | AR39: 1.6394017 | AS39: 1.2130386 | AT39: 0.93222005 | AU39: 0.25527077 | AV39: 0.10564059 | AW39: 0.22513208 | AX39: 0.89726143 | AY39: 0.2920546 | AZ39: 0.42324437 | BA39: 0.51263194 | BB39: 0.30754491 | BC39: 0.84497273 | BD39: 0.70356234 | BE39: 0.73515334 | BF39: 0.23603022 | BG39: 0.866197 | BH39: 0.49636613 | BI39: 0.44794547
A40: CEF2518 | B40: 2025 Chevrolet Colorado | C40: pickup | D40: Hybrid III | E40: 2290 | F40: 70.68255 | G40: 46.625768 | H40: 106773.01 | I40: 39.267348 | J40: 19.860741 | K40: 17.024131 | L40: 43.305618 | M40: 37.631188 | N40: 11.607885 | O40: 6.9141879 | P40: 39.019049 | Q40: 440.87777 | R40: 176.91435 | S40: 830.72126 | T40: 831.6183 | U40: 54.198289 | V40: 12.411925 | W40: 66.024933 | X40: 74.407848 | Y40: 41.661971 | Z40: 23.786775 | AA40: 45.199034 | AB40: 64.450075 | AC40: 41.521086 | AD40: 21.154549 | AE40: 18.320032 | AF40: 43.964331 | AG40: 1333.5919 | AH40: 347.63165 | AI40: 2452.9729 | AJ40: 2685.6942 | AK40: 2425.7048 | AL40: 685.72938 | AM40: 1857.2479 | AN40: 3042.4979 | AP40: 0.92879152 | AQ40: 0.8368559 | AR40: 1.5958525 | AS40: 1.3822845 | AT40: 0.94291918 | AU40: 0.9067495 | AV40: 0.45861812 | AW40: 0.39311599 | AX40: 0.96443119 | AY40: 0.29749278 | AZ40: 0.17720032 | BA40: 0.72839479 | BB40: 0.16680935 | BC40: 0.8873383 | BD40: 0.64642238 | BE40: 0.36907288 | BF40: 0.70130305 | BG40: 0.94442666 | BH40: 0.48117527 | BI40: 0.41670217
A41: CEF2536 | B41: 2025 Tesla Cybertruck | C41: pickup | D41: Hybrid III | E41: 3232 | F41: 73.151385 | G41: 69.443512 | H41: 224441.43 | I41: 70.736236 | J41: 16.524239 | K41: 14.477818 | L41: 71.372841 | M41: 35.423563 | N41: 10.601979 | O41: 12.66559 | P41: 37.351061 | Q41: 653.86788 | R41: 58.105854 | S41: 1444.4048 | T41: 1560.4741 | U41: 47.017631 | V41: 7.5147512 | W41: 35.179584 | X41: 51.927245 | Y41: 26.341248 | Z41: 15.541286 | AA41: 40.653576 | AB41: 43.724328 | AC41: 26.703492 | AD41: 14.251531 | AE41: 22.870172 | AF41: 36.402509 | AG41: 760.91617 | AH41: 633.9141 | AI41: 1630.0916 | AJ41: 1758.7148 | AK41: 1154.3007 | AL41: 2057.937 | AM41: 718.17389 | AN41: 2082.3921 | AP41: 1.0277827 | AQ41: 0.5378625 | AR41: 0.74776236 | AS41: 0.62963877 | AT41: 0.52420318 | AU41: 0.99108057 | AV41: 0.23151999 | AW41: 0.20284772 | AX41: 0.94839508 | AY41: 0.28384679 | AZ41: 0.33909587 | BA41: 0.90545207 | BB41: 0.14471693 | BC41: 0.67747834 | BD41: 0.60243918 | BE41: 0.35543796 | BF41: 0.92977017 | BG41: 0.73356184 | BH41: 0.39149858 | BI41: 0.6282581
... A43: CEF2553 | B43: 2025 Hyundai Santa Cruz | C43: pickup | D43: Hybrid III | E43: 1993 | F43: 70.086591 | G43: 52.019497 | H43: 103674.86 | I43: 49.204764 | J43: 17.135413 | K43: 20.20272 | L43: 52.010963 | M43: 42.596406 | N43: 13.315303 | O43: 12.900193 | P43: 44.894602 | Q43: 787.03478 | R43: 79.322716 | S43: 726.33969 | T43: 790.77589 | U43: 37.386513 | V43: 12.537997 | W43: 58.356533 | X43: 61.844566 | Y43: 28.08327 | Z43: 30.704857 | AA43: 81.720703 | AB43: 86.76682 | AC43: 38.666819 | AD43: 17.740825 | AE43: 35.141708 | AF43: 50.001075 | AG43: 641.8179 | AH43: 396.02761 | AI43: 2163.7137 | AJ43: 2253.0328 | AK43: 882.76391 | AL43: 3519.7572 | AM43: 1282.4915 | AN43: 3519.8554 | AP43: 0.99983594 | AQ43: 0.86303413 | AR43: 1.1888728 | AS43: 1.6679673 | AT43: 0.96119874 | AU43: 0.946046 | AV43: 0.32945771 | AW43: 0.38843195 | AX43: 0.94880908 | AY43: 0.29659029 | AZ43: 0.28734397 | BA43: 0.60452383 | BB43: 0.20273402 | BC43: 0.94360002 | BD43: 0.3236637 | BE43: 0.35387787 | BF43: 0.94184279 | BG43: 0.77331974 | BH43: 0.35480888 | BI43: 0.70281906
A44: CEF2558 | B44: 2025 Jeep Gladiator | C44: pickup | D44: Hybrid III | E44: 2318 | F44: 72.328245 | G44: 33.855094 | H44: 78476.108 | I44: 59.587818 | J44: 16.360568 | K44: 18.937953 | L44: 60.831235 | M44: 30.959317 | N44: 18.411016 | O44: 16.691343 | P44: 36.729566 | Q44: 309.90805 | R44: 170.0425 | S44: 884.70837 | T44: 932.54594 | U44: 25.524839 | V44: 12.036131 | W44: 39.313146 | X44: 42.437016 | Y44: 26.423487 | Z44: 26.76468 | AA44: 32.203821 | AB44: 40.174997 | AC44: 28.630719 | AD44: 19.375783 | AE44: 22.126074 | AF44: 38.245083 | AG44: 797.50397 | AH44: 149.04534 | AI44: 1425.4536 | AJ44: 1497.7567 | AP44: 1.7968119 | AQ44: 1.0849052 | AR44: 1.2534898 | AS44: 1.1866751 | AT44: 1.12967 | AU44: 0.97955957 | AV44: 0.26895013 | AW44: 0.31131956 | AX44: 0.84289907 | AY44: 0.50125875 | AZ44: 0.45443887 | BA44: 0.60147583 | BB44: 0.28362342 | BC44: 0.92638809 | BD44: 0.65770974 | BE44: 0.66620241 | BF44: 0.80158864 | BG44: 0.74861178 | BH44: 0.50662154 | BI44: 0.57853383
A45: CEF2559 | B45: 2025 Ram 1500 | C45: pickup | D45: Hybrid III | E45: 2622 | F45: 71.094518 | G45: 40.203468 | H45: 105413.49 | I45: 28.129358 | J45: 23.077779 | K45: 26.158146 | L45: 42.39481 | M45: 29.628122 | N45: 17.735338 | O45: 15.368726 | P45: 32.322142 | Q45: 561.2564 | R45: 194.91577 | S45: 659.81979 | T45: 695.00357 | U45: 56.395058 | V45: 24.836286 | W45: 41.440225 | X45: 61.167016 | Y45: 22.609464 | Z45: 37.681043 | AA45: 12.900033 | AB45: 40.416526 | AC45: 49.484111 | AD45: 17.273781 | AE45: 19.208982 | AF45: 52.710851 | AG45: 1002.1741 | AH45: 683.0264 | AI45: 1692.2163 | AJ45: 1899.1616 | AK45: 6493.4189 | AL45: 420.26788 | AM45: 2163.967 | AN45: 6825.8197 | AP45: 1.0545063 | AQ45: 0.80396402 | AR45: 1.5214363 | AS45: 1.0052995 | AT45: 1.3111021 | AU45: 0.66350948 | AV45: 0.54435387 | AW45: 0.61701294 | AX45: 0.91665093 | AY45: 0.54870552 | AZ45: 0.475486 | BA45: 0.92198478 | BB45: 0.4060405 | BC45: 0.67749299 | BD45: 0.55941137 | BE45: 0.93231773 | BF45: 0.31917719 | BG45: 0.93878413 | BH45: 0.32770825 | BI45: 0.36442178
A46: CEF2568 | B46: 2025 Ford Ranger | C46: pickup | D46: Hybrid III | E46: 2270 | F46: 69.935245 | G46: 42.856421 | H46: 97284.075 | I46: 39.911218 | J46: 19.22221 | K46: 26.501606 | L46: 46.62619 | M46: 29.905034 | N46: 16.263653 | O46: 18.284013 | P46: 33.687503 | Q46: 535.62509 | R46: 310.95784 | S46: 1085.8847 | T46: 1164.8077 | U46: 47.104999 | V46: 15.307271 | W46: 73.392033 | X46: 81.175952 | Y46: 34.0196 | Z46: 33.259084 | AA46: 11.171709 | AB46: 46.100642 | AC46: 53.907232 | AD46: 26.181923 | AE46: 22.203704 | AF46: 55.900933 | AG46: 1184.03 | AH46: 120.32482 | AI46: 2628.1505 | AJ46: 2842.2416 | AK46: 1710.1081 | AL46: 694.43427 | AM46: 1271.0658 | AN46: 1808.8865 | AP46: 1.0879628 | AQ46: 0.78605497 | AR46: 1.8941375 | AS46: 1.0756998 | AT46: 1.3043771 | AU46: 0.85598284 | AV46: 0.41226208 | AW46: 0.56838455 | AX46: 0.88771895 | AY46: 0.48278 | AZ46: 0.54275358 | BA46: 0.58028268 | BB46: 0.18856904 | BC46: 0.90411053 | BD46: 0.737942 | BE46: 0.72144513 | BF46: 0.24233304 | BG46: 0.96433511 | BH46: 0.46836289 | BI46: 0.39719737
A47: CEF2609 | B47: 2026 Honda Ridgeline | C47: pickup | D47: Hybrid III | E47: 2221 | F47: 70.848949 | G47: 54.568228 | H47: 121196.04 | I47: 35.800147 | J47: 30.103537 | K47: 19.206809 | L47: 41.334847 | M47: 34.199811 | N47: 9.0467926 | O47: 11.250207 | P47: 35.810886 | Q47: 715.43743 | R47: 47.933392 | S47: 1192.07 | T47: 1390.2811 | U47: 68.462532 | V47: 25.52811 | W47: 61.713527 | X47: 81.348124 | Y47: 42.939862 | Z47: 23.357301 | AA47: 13.621161 | AB47: 44.694948 | AC47: 42.19287 | AD47: 23.41791 | AE47: 18.923124 | AF47: 45.525352 | AG47: 1564.7595 | AH47: 516.64028 | AI47: 3498.1782 | AJ47: 3829.9768 | AK47: 2191.5563 | AL47: 977.49327 | AM47: 851.5665 | AN47: 2300.234 | AP47: 0.75748926 | AQ47: 0.65625891 | AR47: 1.4907598 | AS47: 0.81906541 | AT47: 0.83428312 | AU47: 0.86610088 | AV47: 0.72828472 | AW47: 0.46466384 | AX47: 0.95501157 | AY47: 0.25262688 | AZ47: 0.31415605 | BA47: 0.8415994 | BB47: 0.31381314 | BC47: 0.75863491 | BD47: 0.9607319 | BE47: 0.52259377 | BF47: 0.30475841 | BG47: 0.92679942 | BH47: 0.51439274 | BI47: 0.41566123
A48: CEF2617 | B48: 2026 Toyota Tacoma | C48: pickup | D48: Hybrid III | E48: 2281 | F48: 72.600112 | G48: 46.704964 | H48: 106534.02 | I48: 31.262598 | J48: 26.279862 | K48: 26.59537 | L48: 42.580883 | M48: 29.023679 | N48: 10.715692 | O48: 17.867824 | P48: 34.961419 | Q48: 389.95852 | R48: 46.283609 | S48: 1095.2278 | T48: 1150.9746 | U48: 29.299302 | V48: 17.037439 | W48: 47.182738 | X48: 54.193789 | Y48: 29.766035 | Z48: 34.352152 | AA48: 12.442264 | AB48: 45.583289 | AC48: 29.825763 | AD48: 22.979727 | AE48: 17.839204 | AF48: 35.807692 | AG48: 767.57517 | AH48: 443.30227 | AI48: 1494.2202 | AJ48: 1639.9813 | AK48: 1163.2923 | AL48: 376.98075 | AM48: 1473.6521 | AN48: 1516.4176 | AP48: 0.9116993 | AQ48: 0.74855896 | AR48: 1.1603432 | AS48: 0.97598383 | AT48: 0.76667851 | AU48: 0.73419329 | AV48: 0.61717513 | AW48: 0.62458475 | AX48: 0.83016308 | AY48: 0.30650048 | AZ48: 0.5110726 | BA48: 0.54063949 | BB48: 0.31437992 | BC48: 0.87063 | BD48: 0.65300322 | BE48: 0.75361284 | BF48: 0.27295669 | BG48: 0.83294291 | BH48: 0.64175393 | BI48: 0.49819476
A49: CF10015 | B49: 2008 Dodge Ram | C49: pickup | D49: Hybrid III | E49: 2378 | F49: 70.306435 | G49: 39.463087 | H49: 93843.221 | I49: 34.008661 | J49: 5.897733 | K49: 23.862968 | L49: 40.720206 | M49: 26.587383 | N49: 8.617081 | O49: 13.674947 | P49: 26.720952 | Q49: 520.61924 | R49: 102.97485 | S49: 1122.993 | T49: 1140.0979 | AP49: 1.0318556 | AQ49: 0.67711256 | AU49: 0.835179 | AV49: 0.14483554 | AW49: 0.58602277 | AX49: 0.99500134 | AY49: 0.32248406 | AZ49: 0.5117687
A50: CF10016 | B50: 2008 Dodge Ram | C50: pickup | D50: Hybrid III | E50: 2376 | F50: 69.779956 | G50: 45.776132 | H50: 108764.09 | I50: 36.426581 | J50: 6.567961 | K50: 27.053611 | L50: 45.119248 | M50: 27.649602 | N50: 8.811391 | O50: 15.032395 | P50: 28.050994 | Q50: 438.65977 | R50: 103.7064 | S50: 1188.3844 | T50: 1223.3747 | AP50: 0.98565008 | AQ50: 0.61278646 | AU50: 0.80734016 | AV50: 0.14556894 | AW50: 0.59960244 | AX50: 0.98569063 | AY50: 0.31412046 | AZ50: 0.53589527
A51: CF98007 | B51: 1998 Ford Ranger | C51: pickup | D51: Hybrid III | E51: 1584 | F51: 68.166827 | G51: 66.477888 | H51: 105300.97 | I51: 53.984065 | J51: 22.961757 | K51: 22.484474 | L51: 58.212349 | M51: 48.350748 | N51: 18.818791 | O51: 15.363887 | P51: 50.978278 | Q51: 418.84864 | R51: 2153.4009 | S51: 55.795226 | T51: 2154.7163 | AP51: 0.87566484 | AQ51: 0.76684563 | AU51: 0.92736448 | AV51: 0.39444821 | AW51: 0.38624921 | AX51: 0.94845785 | AY51: 0.36915313 | AZ51: 0.30138105
AO53: average | AP53: =AVERAGE(AP2:AP51) -> 1.455024 | AQ53: =AVERAGE(AQ2:AQ51) -> 0.90730213 | AR53: =AVERAGE(AR2:AR51) -> 1.5286719 | AS53: =AVERAGE(AS2:AS51) -> 1.0523494 | AT53: =AVERAGE(AT2:AT51) -> 1.0474313 | AU53: =AVERAGE(AU2:AU51) -> 0.85720855 | AV53: =AVERAGE(AV2:AV51) -> 0.34131168 | AW53: =AVERAGE(AW2:AW51) -> 0.46004067 | ... BI53: =AVERAGE(BI2:BI51) -> 0.54582134
AO54: st dev | AP54: =_xlfn.STDEV.S(AP2:AP51) -> 0.8127867 | AQ54: =_xlfn.STDEV.S(AQ2:AQ51) -> 0.24633662 | AR54: =_xlfn.STDEV.S(AR2:AR51) -> 0.46168328 | AS54: =_xlfn.STDEV.S(AS2:AS51) -> 0.2903788 | AT54: =_xlfn.STDEV.S(AT2:AT51) -> 0.32919599 | AU54: =_xlfn.STDEV.S(AU2:AU51) -> 0.15856084 | AV54: =_xlfn.STDEV.S(AV2:AV51) -> 0.18414605 | AW54: =_xlfn.STDEV.S(AW2:AW51) -> 0.17413264 | ... BI54: =_xlfn.STDEV.S(BI2:BI51) -> 0.11302099

Sheet All Data
A1: Test ID | B1: Vehicle Info | C1: Vehicle Type | D1: ATD | E1: Vehicle Test Weight (kg) | F1: Vehicle dV (kph) | G1: Vehicle Peak a (g) | H1: Vehicle Peak F (N) | I1: Driver Head Peak a - x (g) | J1: Driver Head Peak a - y (g) | K1: Driver Head Peak a - z (g) | L1: Driver Head Peak a - R (g) | M1: Driver Chest Peak a - x (g) | N1: Driver Chest Peak a - y (g) | O1: Driver Chest Peak a - z (g) | P1: Driver Chest Peak a - R (g) | Q1: Driver Upper Neck Peak F - x (N) | R1: Driver Upper Neck Peak F - z Compression (N) | S1: Driver Upper Neck Peak F - z Tension (N) | T1: Driver Upper Neck Peak F - R (N) | U1: Passenger Head Peak a - x (g) | V1: Passenger Head Peak a - y (g) | W1: Passenger Head Peak a - z (g) | X1: Passenger Head Peak a - R (g) | Y1: Passenger Chest Peak a - x (g) | Z1: Passenger Chest Peak a - y (g) | AA1: Passenger Chest Peak a - z (g) | AB1: Passenger Chest Peak a - R (g) | AC1: Passenger Pelvis Peak a - x (g) | AD1: Passenger Pelvis Peak a - y (g) | AE1: Passenger Pelvis Peak a - z (g) | AF1: Passenger Pelvis Peak a - R (g) | AG1: Passenger Upper Neck Peak F - x (N) | AH1: Passenger Upper Neck Peak F - z Compression (N) | AI1: Passenger Upper Neck Peak F - z Tension (N) | AJ1: Passenger Upper Neck Peak F - R (N) | AK1: Passenger Lumbar Peak F - x (N) | AL1: Passenger Lumbar Peak F - z Compression (N) | AM1: Passenger Lumbar Peak F - z Tension (N) | AN1: Passenger Lumbar Peak F - R (N) | AP1: Resultant Driver Head a / Vehicle Peak a | AQ1: Resultant Driver Chest a / Vehicle Peak a | AR1: Resultant Passenger Head a / Vehicle Peak a | AS1: Resultant Passenger Chest a / Vehicle Peak a | AT1: Resultant Passenger Pelvis a / Vehicle Peak a | AU1: Driver Head a x / Head a r | AV1: Driver Head a y / Head a r | AW1: Driver Head a z / Head a r | AX1: Driver Chest a x / Chest a r | AY1: Driver Chest a y / Chest a r | AZ1: Driver Chest a z / Chest a r | BA1: Passenger Head a x / Head a r | BB1: Passenger Head a y / Head a r | BC1: Passenger Head a z / Head a r | BD1: Passenger Chest a x / Chest a r | BE1: Passenger Chest a y / Chest a r | BF1: Passenger Chest a z / Chest a r | BG1: Passenger Pelvis a x / Pelvis a r | BH1: Passenger Pelvis a y / Pelvis a r | BI1: Passenger Pelvis a z / Pelvis a r
A2: CEF0101 | B2: 2001 Lexus LS430 | C2: car (sedan) | D2: Hybrid III | E2: 1966 | F2: 75.7274 | G2: 55.5466 | H2: =E2*G2 -> 109204.62 | I2: 39.2122 | J2: 17.7606 | K2: 25.6314 | L2: 44.5982 | M2: 42.7945 | N2: 15.8114 | O2: 28.8016 | P2: 44.7258 | Q2: 712.6574 | R2: 922.4075 | S2: 957.2598 | T2: 1002.1866 | AP2: =L2/G2 -> 0.80289703 | AQ2: =P2/G2 -> 0.8051942 | AU2: =I2/$L2 -> 0.87923279 | AV2: =J2/$L2 -> 0.3982358 | AW2: =K2/$L2 -> 0.57471826 | AX2: =M2/$P2 -> 0.95681911 | AY2: =N2/$P2 -> 0.35351855 | AZ2: =O2/$P2 -> 0.64395941
A3: CEF0102 | B3: 2001 Dodge Grand Caravan | C3: minivan | D3: Hybrid III | E3: 2025 | F3: 70.9955 | G3: 37.1244 | H3: =E3*G3 -> 75176.91 | I3: 76.3604 | J3: 13.8222 | K3: 27.2239 | L3: 81.1397 | M3: 45.5134 | N3: 14.3403 | O3: 13.388 | P3: 48.5693 | Q3: 472.8352 | R3: 954.1116 | S3: 2002.4788 | T3: 2029.0835 | AP3: =L3/G3 -> 2.1856165 | AQ3: =P3/G3 -> 1.3082851 | AU3: =I3/$L3 -> 0.94109788 | AV3: =J3/$L3 -> 0.17035064 | AW3: =K3/$L3 -> 0.33551886 | AX3: =M3/$P3 -> 0.93708165 | AY3: =N3/$P3 -> 0.29525441 | AZ3: =O3/$P3 -> 0.27564737
A4: CEF0103 | B4: 2001 Hyundai Elantra | C4: car (sedan) | D4: Hybrid III | E4: 1416 | F4: 68.8746 | G4: 41.3345 | H4: =E4*G4 -> 58529.652 | I4: 91.3761 | J4: 13.7947 | K4: 51.0217 | L4: 99.9954 | M4: 51.994 | N4: 19.4996 | O4: 15.1982 | P4: 54.976 | Q4: 741.7878 | R4: 92.9685 | S4: 3354.849 | T4: 3400.5218 | AP4: =L4/G4 -> 2.4191753 | AQ4: =P4/G4 -> 1.330027 | AU4: =I4/$L4 -> 0.91380303 | AV4: =J4/$L4 -> 0.13795335 | AW4: =K4/$L4 -> 0.51024047 | AX4: =M4/$P4 -> 0.94575815 | AY4: =N4/$P4 -> 0.35469296 | AZ4: =O4/$P4 -> 0.27645154
A5: CEF0104 | B5: 2001 Hyundai Santa Fe | C5: SUV | D5: Hybrid III | E5: 1845 | F5: 69.7109 | G5: 41.2371 | H5: =E5*G5 -> 76082.45 | I5: 99.5381 | J5: 14.5851 | K5: 46.3536 | L5: 110.2865 | M5: 56.9783 | N5: 26.2963 | O5: 12.6761 | P5: 59.4511 | Q5: 489.7462 | R5: 946.6205 | S5: 1621.7365 | T5: 1657.0736 | AP5: =L5/G5 -> 2.6744485 | AQ5: =P5/G5 -> 1.4416896 | AU5: =I5/$L5 -> 0.90254111 | AV5: =J5/$L5 -> 0.13224737 | AW5: =K5/$L5 -> 0.42030167 | AX5: =M5/$P5 -> 0.95840615 | AY5: =N5/$P5 -> 0.44231814 | AZ5: =O5/$P5 -> 0.21321893
A6: CEF0105 | B6: 2001 Ford Escape | C6: SUV | D6: Hybrid III | E6: 1652 | F6: 68.3126 | G6: 82.2404 | H6: =E6*G6 -> 135861.14 | I6: 84.9355 | J6: 23.2934 | K6: 31.5172 | L6: 89.1041 | M6: 41.6622 | N6: 17.7547 | O6: 12.2229 | P6: 44.5618 | Q6: 631.357 | R6: 755.6129 | S6: 2266.3536 | T6: 2351.3926 | AP6: =L6/G6 -> 1.083459 | AQ6: =P6/G6 -> 0.54184805 | AU6: =I6/$L6 -> 0.95321652 | AV6: =J6/$L6 -> 0.26141782 | AW6: =K6/$L6 -> 0.35371212 | AX6: =M6/$P6 -> 0.93493082 | AY6: =N6/$P6 -> 0.3984287 | AZ6: =O6/$P6 -> 0.27429098
A7: CEF0106 | B7: 2001 Toyota RAV4 | C7: SUV | D7: Hybrid III | E7: 1512 | F7: 69.8689 | G7: 46.6231 | H7: =E7*G7 -> 70494.127 | I7: 72.731 | J7: 17.7613 | K7: 30.9637 | L7: 72.8052 | M7: 55.9396 | N7: 21.5802 | O7: 23.1638 | P7: 58.3902 | Q7: 507.4753 | R7: 351.839 | S7: 1892.3941 | T7: 1894.5918 | AP7: =L7/G7 -> 1.5615693 | AQ7: =P7/G7 -> 1.2523878 | AU7: =I7/$L7 -> 0.99898084 | AV7: =J7/$L7 -> 0.24395648 | AW7: =K7/$L7 -> 0.42529517 | AX7: =M7/$P7 -> 0.95803063 | AY7: =N7/$P7 -> 0.36958599 | AZ7: =O7/$P7 -> 0.39670698
A8: CEF0107 | B8: 2001 Chevrolet Silverado | C8: pickup | D8: Hybrid III | E8: 2264 | F8: 67.6482 | G8: 46.3877 | H8: =E8*G8 -> 105021.75 | I8: 60.056 | J8: 25.6974 | K8: 183.6205 | L8: 183.6345 | M8: 52.9159 | N8: 16.7661 | O8: 16.8583 | P8: 54.2619 | Q8: 617.6244 | R8: 219.9365 | S8: 1936.9985 | T8: 2020.4381 | AP8: =L8/G8 -> 3.9586895 | AQ8: =P8/G8 -> 1.1697476 | AU8: =I8/$L8 -> 0.32704094 | AV8: =J8/$L8 -> 0.13993776 | AW8: =K8/$L8 -> 0.99992376 | AX8: =M8/$P8 -> 0.97519438 | AY8: =N8/$P8 -> 0.30898476 | AZ8: =O8/$P8 -> 0.31068392
A9: CEF0108 | B9: 2001 Toyota Tundra | C9: pickup | D9: Hybrid III | E9: 2106 | F9: 70.8081 | G9: 65.0128 | H9: =E9*G9 -> 136916.96 | I9: 48.6508 | J9: 7.47 | K9: 22.1305 | L9: 48.9136 | M9: 36.7367 | N9: 15.858 | O9: 18.3634 | P9: 40.7231 | Q9: 476.7187 | R9: 40.7152 | S9: 1171.2829 | T9: 1246.7918 | AP9: =L9/G9 -> 0.75236876 | AQ9: =P9/G9 -> 0.62638588 | AU9: =I9/$L9 -> 0.99462726 | AV9: =J9/$L9 -> 0.15271826 | AW9: =K9/$L9 -> 0.45244063 | AX9: =M9/$P9 -> 0.90210961 | AY9: =N9/$P9 -> 0.38941043 | AZ9: =O9/$P9 -> 0.45093325
A10: CEF0109 | B10: 2001 Dodge Ram 1500 | C10: pickup | D10: Hybrid III | E10: 2353 | F10: 68.7353 | G10: 40.8677 | H10: =E10*G10 -> 96161.698 | I10: 133.7199 | J10: 24.014 | K10: 26.0053 | L10: 133.8521 | M10: 53.6818 | N10: 10.9374 | O10: 18.7253 | P10: 54.7151 | Q10: 1304.7856 | R10: 597.3717 | S10: 5104.6287 | T10: 5104.6303 | AP10: =L10/G10 -> 3.2752541 | AQ10: =P10/G10 -> 1.3388348 | AU10: =I10/$L10 -> 0.99901234 | AV10: =J10/$L10 -> 0.17940697 | AW10: =K10/$L10 -> 0.19428384 | AX10: =M10/$P10 -> 0.9811149 | AY10: =N10/$P10 -> 0.19989729 | AZ10: =O10/$P10 -> 0.34223277
A11: CEF0110 | B11: 2001 Ford F-150 | C11: pickup | D11: Hybrid III | E11: 2156 | F11: 68.9597 | G11: 29.7763 | H11: =E11*G11 -> 64197.703 | I11: 131.5212 | J11: 27.3575 | K11: 43.6351 | L11: 134.4256 | M11: 34.2908 | N11: 24.8862 | O11: 15.0993 | P11: 43.1727 | Q11: 960.4613 | R11: 54.3135 | S11: 4851.6771 | T11: 4923.8669 | AP11: =L11/G11 -> 4.5145166 | AQ11: =P11/G11 -> 1.4499014 | AU11: =I11/$L11 -> 0.978394 | AV11: =J11/$L11 -> 0.20351406 | AW11: =K11/$L11 -> 0.32460409 | AX11: =M11/$P11 -> 0.79427045 | AY11: =N11/$P11 -> 0.57643372 | AZ11: =O11/$P11 -> 0.34974185
A12: CEF0111 | B12: 2001 Dodge Grand Caravan | C12: minivan | D12: Hybrid III | E12: 2040 | F12: 67.7742 | G12: 36.3315 | H12: =E12*G12 -> 74116.26 | I12: 62.3191 | J12: 11.5395 | K12: 29.9674 | L12: 69.5415 | M12: 44.6362 | N12: 18.0332 | O12: 9.9215 | P12: 47.7105 | Q12: 600.7932 | R12: 29.3558 | S12: 1941.0255 | T12: 1983.1781 | AP12: =L12/G12 -> 1.9140828 | AQ12: =P12/G12 -> 1.3131993 | AU12: =I12/$L12 -> 0.89614259 | AV12: =J12/$L12 -> 0.16593689 | AW12: =K12/$L12 -> 0.43092829 | AX12: =M12/$P12 -> 0.93556345 | AY12: =N12/$P12 -> 0.37797131 | AZ12: =O12/$P12 -> 0.20795213
